Kon,Koff,n
5.869e-06,0.002019,0.7505
5.724e-06,0.001922,0.75
6.974e-06,0.001743,0.707
2.028e-05,0.00166,0.5445
1.155e-05,0.002068,0.648
6.889e-06,0.002221,0.7338
3.551e-06,0.00209,0.8268
9.783e-06,0.002166,0.6839
1.462e-05,0.002357,0.6179
3.137e-06,0.002421,0.8451
3.849e-06,0.001833,0.8037
8.669e-06,0.00227,0.6947
1.208e-06,0.001778,0.9562
4.112e-06,0.002427,0.8275
1.694e-05,0.00206,0.5926
1.17e-05,0.001979,0.6509
1.076e-05,0.002281,0.6635
2.1e-05,0.002342,0.5765
3.227e-06,0.002063,0.8389
4.31e-06,0.00185,0.7761
3.7e-06,0.002168,0.827
3.383e-06,0.001821,0.81
1.22e-05,0.001899,0.6374
6.502e-06,0.002608,0.761
3.133e-06,0.002062,0.8395
2.674e-06,0.001927,0.8542
1.727e-05,0.002066,0.6004
8.896e-06,0.001533,0.6482
3.205e-05,0.00201,0.5
8.883e-06,0.001915,0.681
8.431e-06,0.001872,0.6797
1.476e-05,0.002252,0.6085
1.001e-05,0.00239,0.6815
1.355e-05,0.002532,0.636
1.23e-05,0.002284,0.661
7.914e-06,0.002164,0.7162
2.588e-06,0.001844,0.8567
2.603e-06,0.002013,0.8505
7.952e-06,0.00192,0.6813
1.899e-06,0.001861,0.9115
5.585e-06,0.00226,0.7677
3.136e-06,0.001903,0.8397
3.291e-05,0.002185,0.5
1.299e-05,0.001943,0.6212
9.992e-06,0.002011,0.6657
8.951e-06,0.00199,0.6802
7.999e-06,0.001859,0.6956
6.243e-06,0.002198,0.7523
9.982e-06,0.001966,0.6709
5.655e-06,0.001879,0.736
9.253e-06,0.00206,0.6869
2.094e-05,0.001866,0.5478
1.958e-05,0.002391,0.6033
2.833e-06,0.002028,0.8494
1.238e-05,0.002147,0.64
2.878e-06,0.002339,0.864
1.525e-05,0.002308,0.627
3.925e-06,0.00207,0.8014
3.105e-06,0.002105,0.8474
7.16e-06,0.002381,0.7237
8.454e-06,0.002039,0.7053
4.561e-06,0.002251,0.7847
1.359e-06,0.001613,0.9284
1.403e-05,0.001771,0.6108
3.059e-06,0.002489,0.8519
6.347e-06,0.001959,0.7264
9.397e-06,0.002261,0.6947
1.078e-05,0.002244,0.6747
9.203e-06,0.002195,0.6884
1.012e-05,0.001957,0.6694
8.04e-06,0.002086,0.7067
9.863e-06,0.002168,0.6709
2.084e-05,0.002508,0.5817
8.294e-06,0.002374,0.7093
1.79e-05,0.001941,0.5839
1.048e-05,0.002189,0.6793
2.528e-06,0.002371,0.8796
9.598e-06,0.00201,0.6609
1.522e-05,0.002221,0.613
1.104e-05,0.002061,0.6605
1.406e-05,0.001998,0.6124
8.631e-06,0.002438,0.7094
2.596e-06,0.002344,0.8741
7.468e-06,0.002477,0.7389
1.348e-05,0.001885,0.631
7.3e-06,0.002134,0.7192
5.913e-06,0.002451,0.7611
7.368e-06,0.001776,0.7015
4.581e-06,0.002587,0.8149
4.672e-06,0.001788,0.7716
1.465e-05,0.001867,0.6074
3.086e-05,0.002117,0.5124
1.815e-05,0.002091,0.5832
8.218e-06,0.002039,0.7145
8.134e-06,0.001887,0.6823
2.629e-06,0.001958,0.8515
1.561e-05,0.002413,0.63
7.485e-06,0.00217,0.7228
6.254e-06,0.001873,0.7312
1.226e-05,0.001651,0.6234
8.021e-06,0.00207,0.7056
3.059e-06,0.002018,0.8264
2.052e-06,0.002303,0.8748
6.995e-06,0.00215,0.7264
6.852e-06,0.00191,0.7105
3.648e-06,0.002071,0.8048
1.047e-05,0.002255,0.6755
5.463e-06,0.002372,0.7765
8.196e-06,0.001995,0.6929
9.539e-06,0.002217,0.6808
6.456e-06,0.002387,0.7591
1.399e-05,0.002083,0.6295
6.282e-06,0.002099,0.727
8.397e-06,0.002193,0.7152
7.585e-06,0.002259,0.7209
8.278e-06,0.00173,0.6728
6.628e-06,0.001988,0.7326
8.644e-06,0.00215,0.6927
3.113e-06,0.002035,0.8334
3.401e-06,0.001686,0.7949
6.37e-06,0.002343,0.745
1.112e-05,0.002437,0.6806
5.483e-06,0.001987,0.7531
9.64e-06,0.001983,0.6821
1.091e-05,0.001801,0.6417
9.751e-06,0.00192,0.6725
9.179e-06,0.001841,0.6657
5.816e-06,0.002194,0.7417
4.061e-06,0.001959,0.7953
6.507e-06,0.002219,0.7438
3.263e-06,0.001763,0.821
4.043e-06,0.001853,0.8006
4.159e-06,0.002373,0.8101
4.95e-06,0.002041,0.7746
8.412e-06,0.002145,0.7113
8.907e-06,0.002449,0.6945
3.246e-05,0.002396,0.5221
1.803e-05,0.001712,0.5572
1.317e-05,0.002068,0.6184
1.471e-06,0.00186,0.9246
7.676e-06,0.001801,0.6831
6.419e-06,0.001949,0.7392
5.649e-06,0.002117,0.7535
1.11e-05,0.00188,0.6481
9.569e-06,0.002059,0.6805
4.712e-06,0.002191,0.7831
1.297e-05,0.001627,0.6147
4.342e-06,0.002211,0.7965
6.269e-06,0.00227,0.759
9.567e-06,0.002364,0.6777
4.515e-06,0.002255,0.7966
8.813e-06,0.001957,0.6749
2.706e-05,0.001805,0.5
1.201e-05,0.001919,0.6379
2.245e-06,0.002177,0.8968
1.389e-05,0.001565,0.5959
4.3e-06,0.001741,0.7812
3.682e-06,0.001907,0.8132
5.47e-06,0.002355,0.7692
8.604e-06,0.002047,0.7008
3.083e-05,0.002239,0.5
2.931e-06,0.00205,0.8458
5.294e-06,0.001736,0.7409
5.008e-06,0.001866,0.7546
9.04e-06,0.002698,0.7131
5.344e-06,0.002299,0.7761
4.563e-06,0.00187,0.7681
4.641e-06,0.002262,0.8005
3.35e-05,0.00201,0.5
7.691e-06,0.002233,0.7282
9.871e-06,0.00191,0.6725
2.943e-06,0.001862,0.836
1.558e-05,0.00232,0.621
9.604e-06,0.001722,0.6559
1.024e-05,0.00215,0.6775
3.025e-06,0.001936,0.8373
1.735e-05,0.001961,0.5915
7.586e-06,0.002287,0.7232
8.799e-06,0.001946,0.6852
3.037e-05,0.002653,0.5344
8.62e-06,0.001794,0.6814
8.5e-06,0.001985,0.6992
5.273e-06,0.0023,0.767
4.234e-06,0.00199,0.7947
4.041e-06,0.001954,0.8024
1.974e-05,0.001926,0.5639
1.13e-05,0.002471,0.675
5.999e-06,0.001948,0.7386
9.144e-06,0.002596,0.7093
2.73e-06,0.001887,0.8379
1.797e-05,0.001947,0.5861
1.225e-05,0.002023,0.6486
1.52e-05,0.001922,0.5997
1.696e-05,0.002044,0.59
4.164e-06,0.001928,0.7863
6.731e-06,0.002521,0.754
2.49e-05,0.00217,0.5338
2.337e-05,0.001937,0.5329
2.413e-06,0.001994,0.8762
4.132e-06,0.002124,0.7917
6.596e-06,0.002058,0.7354
3.734e-06,0.001922,0.8109
8.147e-06,0.002009,0.6869
1.993e-05,0.001813,0.5553
2.866e-06,0.001877,0.8397
3.853e-06,0.001758,0.7951
6.521e-06,0.002009,0.7257
7.004e-06,0.002411,0.748
1.168e-05,0.001718,0.6239
1.481e-05,0.001887,0.6019
9.67e-06,0.001981,0.6737
1.24e-05,0.002457,0.6653
9.844e-06,0.002218,0.6807
8.506e-06,0.002687,0.7239
3e-05,0.002042,0.5
5.914e-06,0.002205,0.7479
5.191e-06,0.002219,0.7601
1.905e-05,0.002189,0.5754
1.573e-05,0.001998,0.6039
4.092e-06,0.002128,0.804
4.727e-06,0.001926,0.7675
2.549e-06,0.002385,0.8773
6.594e-06,0.00205,0.7326
1.087e-05,0.00224,0.665
1.169e-05,0.001857,0.6334
4.223e-06,0.001868,0.7786
5.79e-06,0.002105,0.7345
3.119e-05,0.001952,0.5
1.399e-05,0.001933,0.6172
5.834e-06,0.001816,0.7352
1.183e-05,0.00192,0.6426
1.36e-05,0.002106,0.6345
6.169e-06,0.002294,0.7611
1.954e-05,0.002007,0.5731
2.48e-05,0.002295,0.5484
5.733e-06,0.002137,0.7547
4.941e-06,0.00197,0.7625
3.901e-06,0.002324,0.8173
1.28e-05,0.001955,0.6312
7.527e-06,0.002323,0.7249
2.033e-06,0.002336,0.922
1.012e-05,0.001851,0.6534
3.331e-06,0.001928,0.8277
2.035e-05,0.002228,0.5681
1.134e-05,0.00234,0.6702
1.685e-05,0.002144,0.6089
4.688e-06,0.001955,0.7704
6.876e-06,0.002257,0.7337
3.991e-06,0.002481,0.8145
3.691e-06,0.001827,0.8075
4.037e-06,0.001599,0.7877
1.017e-05,0.00231,0.6906
9.821e-06,0.002192,0.6773
1.295e-05,0.002197,0.6465
4.056e-06,0.002241,0.8085
1.091e-05,0.002149,0.6698
1.777e-05,0.001873,0.5882
2.611e-05,0.001639,0.5096
1.152e-05,0.002032,0.6529
8.281e-06,0.002073,0.7118
6.177e-06,0.002797,0.7626
1.349e-05,0.002,0.6334
1.752e-06,0.002621,0.9419
4.9e-06,0.001705,0.7573
2.528e-05,0.002415,0.5579
5.718e-06,0.00251,0.7559
1.125e-05,0.001754,0.6273
3.672e-06,0.002337,0.8254
7.405e-06,0.001627,0.6985
1.175e-05,0.002394,0.6697
1.036e-05,0.002029,0.6758
4.516e-06,0.002307,0.7849
6.033e-06,0.002314,0.7429
6.421e-06,0.002319,0.7325
2.024e-05,0.002403,0.5889
6.201e-06,0.001945,0.7278
2.49e-05,0.001797,0.5254
4.681e-06,0.001682,0.7509
6.551e-06,0.002055,0.7257
1.142e-05,0.002019,0.6605
9.803e-06,0.001951,0.6759
1.118e-05,0.002168,0.6529
8.357e-06,0.002553,0.7189
7.398e-06,0.002026,0.6979
8.377e-06,0.002143,0.7083
9.444e-06,0.001923,0.6861
3.154e-06,0.002049,0.8331
1.317e-05,0.002569,0.6556
6.751e-06,0.002018,0.7385
1.384e-05,0.002147,0.6269
2.575e-05,0.001849,0.5317
7.413e-06,0.00178,0.7002
3.3e-06,0.00208,0.8253
4.846e-06,0.002377,0.795
1.291e-05,0.001721,0.6254
7.746e-06,0.002002,0.7093
3.239e-06,0.002172,0.8391
1.101e-05,0.002458,0.6861
3.557e-06,0.002197,0.8348
2.154e-05,0.002409,0.5769
7.235e-06,0.002073,0.7148
1.85e-05,0.001996,0.5668
2.503e-05,0.002579,0.5563
1.431e-05,0.001965,0.6154
1.729e-05,0.002137,0.5955
6.034e-06,0.002086,0.754
8.989e-06,0.001884,0.6888
1.761e-05,0.002301,0.6114
1.86e-05,0.001971,0.5731
1.578e-05,0.001956,0.6021
1.32e-05,0.002303,0.6436
1.586e-05,0.002351,0.6256
9.931e-06,0.002222,0.6798
1.761e-05,0.001757,0.5682
4.531e-06,0.002199,0.7819
1.796e-05,0.002042,0.5896
2.01e-05,0.001821,0.5587
1.076e-05,0.00312,0.7018
1.395e-05,0.002153,0.6291
6.821e-06,0.002345,0.7367
1.784e-05,0.001976,0.5813
1.961e-05,0.001998,0.5673
3.657e-06,0.002271,0.8252
1.445e-05,0.002003,0.6249
7.178e-06,0.001726,0.6884
6.489e-06,0.002082,0.7472
5.182e-06,0.001853,0.7436
7.656e-06,0.002361,0.7307
4.614e-06,0.001972,0.7757
1.599e-05,0.001896,0.5937
3.656e-06,0.001905,0.81
1.644e-05,0.001951,0.5962
1.098e-05,0.001822,0.6426
4.364e-06,0.001678,0.7509
4.654e-06,0.001798,0.7691
1.342e-05,0.0025,0.6391
9.447e-06,0.002464,0.6961
2.698e-05,0.002206,0.5485
8.656e-06,0.001914,0.6807
7.388e-06,0.00209,0.7195
1.051e-05,0.002373,0.6717
8.125e-06,0.001915,0.6947
1.633e-05,0.002475,0.6215
2.235e-05,0.001792,0.5487
5.684e-06,0.00253,0.7791
7.656e-06,0.00196,0.7058
1.135e-05,0.002277,0.6735
1.258e-05,0.002183,0.641
1.754e-05,0.002151,0.5917
1.741e-05,0.002425,0.6092
3.254e-05,0.002248,0.5
1.053e-05,0.002639,0.7073
6.653e-06,0.002309,0.7295
8.624e-06,0.00168,0.6742
1.897e-05,0.001889,0.5537
2.937e-06,0.001843,0.8381
6.802e-06,0.002073,0.7358
4.971e-06,0.00202,0.7719
9.319e-06,0.002132,0.6845
7.001e-06,0.00239,0.741
7.376e-06,0.002075,0.7093
1.256e-05,0.002363,0.6579
3.444e-06,0.002312,0.8316
1.042e-05,0.001653,0.637
1.146e-05,0.001742,0.6307
1.66e-05,0.001797,0.5825
7.486e-06,0.001965,0.6985
6.288e-06,0.001819,0.7237
2.125e-06,0.001982,0.886
8.229e-06,0.002191,0.7068
8.53e-06,0.002342,0.7161
3.932e-06,0.001875,0.8096
5.569e-06,0.001912,0.7462
2.074e-05,0.002084,0.5742
7.53e-06,0.002592,0.729
1.959e-05,0.002029,0.5811
1.132e-05,0.001734,0.6368
1.622e-05,0.002356,0.6085
7.061e-06,0.002321,0.7488
5.847e-06,0.002069,0.7509
1.321e-05,0.001903,0.6316
7.701e-06,0.00192,0.7016
4.871e-06,0.002164,0.7851
4.85e-06,0.002031,0.7704
1.967e-05,0.002234,0.5853
9.918e-06,0.002771,0.693
1.086e-05,0.001994,0.6572
7.826e-06,0.002347,0.7233
9.515e-06,0.001902,0.6646
8.291e-06,0.00189,0.6716
3.644e-06,0.002303,0.8262
1.747e-05,0.001713,0.5552
3.464e-06,0.00211,0.8189
4.402e-06,0.001772,0.7779
4.448e-06,0.001955,0.7874
2.184e-05,0.002037,0.5601
7.324e-06,0.002225,0.7128
1.631e-05,0.001836,0.5973
7.811e-06,0.001914,0.6927
4.169e-06,0.001797,0.782
6.552e-06,0.001856,0.7169
9.165e-06,0.002147,0.6866
2.179e-06,0.002131,0.8849
1.156e-05,0.001852,0.6406
1.036e-05,0.002083,0.684
2.285e-05,0.0017,0.534
1.051e-05,0.002096,0.6751
3.699e-06,0.002208,0.8215
3.246e-06,0.001827,0.8404
4.862e-06,0.002205,0.7908
2.659e-06,0.002053,0.8521
7.48e-06,0.001832,0.6992
2.311e-06,0.002005,0.8681
1.018e-05,0.002109,0.6723
5.882e-06,0.001884,0.7412
1.189e-05,0.001956,0.6434
2.731e-06,0.002996,0.8794
1.954e-06,0.002177,0.9001
4.459e-06,0.002253,0.8021
1.253e-05,0.001707,0.6175
4.145e-06,0.001806,0.779
6.057e-06,0.00245,0.7481
4.757e-06,0.001846,0.7642
7.455e-06,0.002143,0.7161
4.175e-06,0.001851,0.7789
3.081e-06,0.002215,0.8483
1.795e-06,0.002235,0.9272
1.278e-05,0.002074,0.6347
1.912e-06,0.002029,0.9012
1.46e-05,0.001937,0.6057
7.497e-06,0.00216,0.7052
6.562e-06,0.002488,0.7569
1.322e-05,0.002397,0.648
9.036e-06,0.002251,0.6991
7.221e-06,0.002146,0.732
6.899e-06,0.001967,0.7214
8.661e-06,0.002427,0.704
6.313e-06,0.001889,0.7046
3.461e-05,0.002321,0.5
8.25e-06,0.001923,0.6924
1.233e-05,0.002337,0.6533
8.446e-06,0.002092,0.6994
4.588e-06,0.002261,0.793
1.485e-05,0.001989,0.6285
8.667e-06,0.002076,0.6966
7.722e-06,0.00205,0.7192
4.866e-06,0.002021,0.7741
1.419e-05,0.001703,0.5947
1.479e-05,0.002215,0.6191
1.138e-05,0.002328,0.6686
1.186e-05,0.002022,0.6469
9.276e-06,0.002069,0.6946
7.15e-06,0.002153,0.7218
9.207e-06,0.001835,0.6784
2.064e-06,0.00176,0.8828
2.139e-05,0.001864,0.558
1.159e-05,0.001877,0.6398
3.18e-06,0.002034,0.8369
7.101e-06,0.001649,0.685
5.638e-06,0.00215,0.7629
1.839e-05,0.001834,0.5689
4.393e-06,0.002335,0.8024
1.304e-05,0.001978,0.6321
1.391e-05,0.002112,0.6302
4.72e-06,0.002058,0.7737
1.182e-05,0.002147,0.6654
3.431e-06,0.002036,0.8225
6.492e-06,0.002085,0.7347
6.549e-06,0.001844,0.7367
1.322e-05,0.001918,0.6156
4.521e-06,0.002299,0.8019
4.713e-06,0.001991,0.7728
1.095e-05,0.001877,0.6597
1.473e-05,0.00211,0.6177
4.493e-06,0.002063,0.7851
4.885e-06,0.001886,0.7706
1.339e-05,0.001925,0.6302
2.748e-06,0.002095,0.8584
3.816e-06,0.001955,0.8044
7.514e-06,0.002069,0.719
2.196e-06,0.001965,0.8875
2.467e-06,0.001885,0.8431
3.44e-06,0.002017,0.8283
9.019e-06,0.002395,0.7063
6.619e-06,0.001919,0.7204
2.924e-06,0.002582,0.8659
6.548e-06,0.002232,0.7486
1.326e-05,0.001771,0.6187
4.381e-06,0.001976,0.7904
5.035e-06,0.0018,0.7576
7.586e-06,0.002075,0.7133
6.376e-06,0.002015,0.7384
4.496e-06,0.001872,0.7772
1.554e-05,0.002388,0.6305
1.823e-06,0.002189,0.9266
1.915e-06,0.002158,0.9126
6.177e-06,0.002069,0.7412
2.608e-06,0.001847,0.8472
1.003e-05,0.002225,0.6649
9.499e-06,0.001928,0.6733
1.856e-05,0.002201,0.589
2.255e-05,0.002241,0.5676
4.476e-06,0.00262,0.8022
1.047e-05,0.002077,0.6685
4.848e-06,0.002392,0.7935
7.954e-06,0.002287,0.7044
4.013e-06,0.002142,0.8112
9.792e-06,0.001811,0.6629
1.009e-05,0.002017,0.6576
3.889e-06,0.001824,0.7858
9.198e-06,0.00242,0.6992
8.128e-06,0.002015,0.7013
1.003e-05,0.002434,0.6727
2.046e-05,0.002097,0.5736
7.171e-06,0.002615,0.7464
3.174e-06,0.001874,0.8232
1.774e-05,0.002107,0.6007
2.633e-05,0.002047,0.5307
1.646e-05,0.002341,0.6139
3.669e-06,0.001634,0.7782
1.427e-05,0.002167,0.6368
9.985e-06,0.001937,0.6707
6.381e-06,0.002329,0.7572
1.381e-05,0.001592,0.5885
2.441e-06,0.002048,0.8772
7.473e-06,0.002073,0.7115
5.358e-06,0.002011,0.7586
1.701e-06,0.002275,0.9263
9.876e-06,0.002208,0.6975
1.081e-05,0.002285,0.6742
9.115e-06,0.002143,0.6978
1.171e-05,0.002017,0.6402
5.112e-06,0.001797,0.7454
5.248e-06,0.002253,0.7802
8.083e-06,0.001827,0.6867
6.839e-06,0.001815,0.7172
4.005e-06,0.002056,0.814
1.188e-05,0.001807,0.6294
7.815e-06,0.001874,0.6974
1.808e-05,0.00206,0.5897
1.202e-05,0.002045,0.6411
4.608e-06,0.002393,0.7978
1.273e-05,0.002065,0.6274
2.278e-05,0.002255,0.5572
3.508e-06,0.002186,0.8271
3.439e-06,0.001953,0.8238
5.846e-06,0.002344,0.7653
5.673e-06,0.002213,0.7566
5.519e-06,0.002033,0.7517
1.998e-05,0.001875,0.5703
1.153e-05,0.002182,0.6549
1.198e-05,0.002303,0.6663
3.113e-06,0.002376,0.842
1.25e-05,0.001888,0.6255
1.521e-05,0.001664,0.596
2.543e-06,0.001754,0.8488
5.52e-06,0.002466,0.7659
7.811e-06,0.00215,0.7117
5.626e-06,0.001993,0.7514
8.762e-06,0.001877,0.6831
6.178e-06,0.002106,0.731
9.86e-06,0.002173,0.6813
6.367e-06,0.002588,0.7533
1.222e-05,0.001941,0.6465
2.403e-05,0.002409,0.5576
8.241e-06,0.002326,0.7136
4.399e-06,0.00214,0.7856
3.716e-06,0.002248,0.8166
7.821e-06,0.002113,0.7028
9.133e-06,0.00224,0.7041
1.009e-05,0.001816,0.6529
8.807e-06,0.002489,0.7208
3.061e-05,0.002023,0.5167
1.243e-05,0.002356,0.6466
1.262e-05,0.002025,0.6311
1.982e-05,0.001933,0.5673
2.004e-06,0.002099,0.914
6.321e-06,0.002078,0.7297
1.561e-05,0.002463,0.6275
2.805e-05,0.001798,0.5177
1.821e-06,0.002111,0.9165
1.816e-05,0.002115,0.5938
2.561e-05,0.001708,0.5184
2.218e-05,0.002249,0.5567
2.054e-05,0.001974,0.5583
9.29e-06,0.001846,0.6704
1.146e-05,0.002252,0.647
2.564e-06,0.002144,0.8811
1.865e-05,0.002226,0.6004
1.315e-05,0.002285,0.6526
7.158e-06,0.001962,0.7149
3.398e-06,0.002284,0.8315
1.549e-05,0.00152,0.5791
3.238e-06,0.002077,0.8357
5.148e-06,0.001968,0.7537
5.707e-06,0.002105,0.7522
7.389e-06,0.002015,0.7058
1.246e-05,0.002527,0.6581
5.655e-06,0.002178,0.7494
9.525e-06,0.001777,0.6571
6.998e-06,0.002081,0.7241
1.502e-05,0.002309,0.6311
4.433e-06,0.00239,0.7953
6.226e-06,0.001917,0.739
8.017e-06,0.002659,0.7339
1.017e-05,0.002096,0.6793
1.968e-05,0.001986,0.5752
6.104e-06,0.001956,0.7461
6.775e-06,0.002303,0.7355
5.331e-06,0.002349,0.7818
8.818e-06,0.002101,0.6903
4.506e-06,0.002011,0.7876
7.775e-06,0.002379,0.7154
1.234e-05,0.001863,0.6206
1.449e-06,0.001861,0.9269
8.502e-06,0.002264,0.7092
2.407e-05,0.002633,0.5681
7.004e-06,0.001962,0.7103
6.225e-06,0.002387,0.7552
6.597e-06,0.001983,0.7325
8.815e-06,0.001975,0.6968
6.58e-06,0.002113,0.7396
5.251e-06,0.00269,0.7737
1.339e-05,0.002177,0.6441
4.943e-06,0.002043,0.768
5.871e-06,0.001789,0.7348
5.309e-06,0.002115,0.764
1.487e-05,0.002945,0.6499
9.404e-06,0.001673,0.6463
3.964e-06,0.00212,0.7934
1.35e-05,0.002133,0.6279
8.056e-06,0.002155,0.7194
2.972e-06,0.002516,0.8665
1.364e-05,0.002152,0.6338
4.516e-06,0.001854,0.7704
1.916e-05,0.002174,0.5791
7.066e-06,0.002391,0.7285
4.898e-06,0.002304,0.794
6.849e-06,0.002109,0.7294
1.303e-05,0.002275,0.6397
1.731e-05,0.001731,0.5719
8.097e-06,0.002186,0.714
2.977e-05,0.001756,0.5
7.511e-06,0.002125,0.7082
5.854e-06,0.002256,0.749
2.652e-05,0.001946,0.5288
4.21e-06,0.002536,0.8203
6.861e-06,0.002204,0.7359
3.756e-06,0.001927,0.8028
4.992e-06,0.002358,0.7831
4.663e-06,0.00223,0.7922
2.692e-05,0.002022,0.5302
5.709e-06,0.001958,0.7437
3.885e-06,0.002148,0.8144
1.185e-05,0.002171,0.6534
1.285e-05,0.002268,0.6441
2.651e-06,0.002023,0.8536
5.338e-06,0.001835,0.7566
1.113e-05,0.001972,0.6551
7.21e-06,0.002215,0.7141
1.452e-05,0.001913,0.6125
1.46e-05,0.001792,0.602
1.239e-05,0.002752,0.6775
1.139e-05,0.002124,0.6603
9.327e-06,0.002187,0.6962
1.022e-05,0.002254,0.6882
4.425e-06,0.002363,0.8028
1.716e-05,0.002281,0.5971
8.338e-06,0.002057,0.7071
6.241e-06,0.002204,0.7478
1.239e-05,0.00251,0.6575
1.624e-05,0.001954,0.5977
6.214e-06,0.002227,0.7389
3.113e-06,0.001914,0.8357
3.899e-06,0.002085,0.8125
5.837e-06,0.002049,0.7565
6.059e-06,0.002735,0.7753
5.607e-06,0.002151,0.7498
1.815e-05,0.002322,0.6022
3.888e-06,0.001975,0.8147
3.431e-05,0.002179,0.5
1.684e-05,0.001852,0.583
1.882e-05,0.002119,0.5918
6.733e-06,0.002219,0.7484
4.765e-06,0.001824,0.7701
6.788e-06,0.001798,0.7116
2.421e-05,0.002014,0.5405
5.543e-06,0.00197,0.7502
4.417e-06,0.001815,0.7784
8.511e-06,0.002147,0.7036
2.391e-05,0.002209,0.5496
1.467e-05,0.001997,0.6201
9.686e-06,0.001865,0.6664
3.202e-06,0.002327,0.8492
2.599e-06,0.001896,0.848
8.472e-06,0.002013,0.6839
3.616e-06,0.001913,0.8034
3.968e-06,0.001939,0.7941
3.485e-06,0.001848,0.8021
3.08e-06,0.001993,0.8344
5.398e-06,0.002185,0.7619
5.609e-06,0.002041,0.757
4.502e-06,0.002069,0.7798
1.25e-05,0.002234,0.649
7.113e-06,0.002122,0.7183
9.239e-06,0.001787,0.6667
5.54e-06,0.002377,0.7605
8.161e-06,0.002273,0.7137
7.592e-06,0.002563,0.7383
8.69e-06,0.002096,0.7
3.77e-06,0.002094,0.8191
5.71e-06,0.002244,0.762
1.354e-05,0.001858,0.6153
1.155e-05,0.001842,0.6399
1.235e-05,0.002183,0.6497
9.599e-06,0.001852,0.6516
5.867e-06,0.002274,0.7589
2.288e-05,0.002162,0.5596
3.354e-06,0.002079,0.8198
1.108e-05,0.0023,0.6648
1.075e-05,0.002211,0.6783
8.122e-06,0.001895,0.691
1.361e-05,0.001859,0.6131
6.028e-06,0.001962,0.7464
1.579e-05,0.002225,0.6119
3.071e-06,0.002254,0.8481
9.484e-06,0.001758,0.6609
1.486e-05,0.00202,0.6107
6.065e-06,0.002416,0.755
4.684e-06,0.002149,0.7699
1.674e-05,0.002154,0.6056
5.269e-06,0.002264,0.7731
9.971e-06,0.001771,0.6388
1.048e-05,0.002208,0.668
2.862e-06,0.002144,0.8641
3.574e-06,0.00207,0.8149
3.809e-06,0.001815,0.7967
3.129e-05,0.001997,0.5
3.422e-05,0.002111,0.5
6.99e-06,0.00203,0.7095
3.758e-06,0.002335,0.8221
3.752e-06,0.001983,0.8126
1.64e-05,0.002883,0.6328
5.906e-06,0.002044,0.7431
1.006e-05,0.002061,0.6742
1.126e-05,0.001989,0.6417
4.487e-06,0.001974,0.7734
4.378e-06,0.002282,0.7875
6.481e-06,0.002164,0.7371
3.299e-06,0.002127,0.8306
1.165e-05,0.002604,0.6661
8.075e-06,0.001826,0.6926
6.046e-06,0.001761,0.7286
1.503e-05,0.0018,0.616
3.86e-06,0.001894,0.796
6.79e-06,0.002565,0.753
6.464e-06,0.002179,0.7348
3.27e-06,0.002013,0.817
5.892e-06,0.002121,0.7553
7.869e-06,0.001495,0.6767
8.684e-06,0.001932,0.6819
1.087e-05,0.002592,0.6851
1.265e-05,0.002178,0.6492
6.81e-06,0.002043,0.7228
1.478e-05,0.001879,0.6116
3.976e-06,0.002683,0.8293
1.064e-05,0.002041,0.6595
7.326e-06,0.002032,0.7088
6.679e-06,0.001975,0.7119
2.077e-05,0.001892,0.5543
2.534e-06,0.002056,0.8601
1.37e-05,0.001849,0.6203
1.117e-05,0.001794,0.6491
8.389e-06,0.001715,0.6793
1.616e-05,0.002145,0.6023
6.816e-06,0.002334,0.7502
1.2e-05,0.002639,0.6734
7.066e-06,0.002199,0.7222
3.818e-06,0.001902,0.7991
4.197e-06,0.001801,0.7647
3.429e-06,0.00186,0.813
8.703e-06,0.001615,0.6594
1.141e-05,0.002671,0.6742
6.151e-06,0.002036,0.7324
1.196e-05,0.001997,0.6478
1.68e-05,0.002131,0.6026
2.468e-05,0.001774,0.5375
9.285e-06,0.001968,0.6697
5.997e-06,0.002391,0.7699
7.745e-06,0.002003,0.7073
1.42e-05,0.002673,0.6515
4.929e-06,0.00237,0.7836
9.398e-06,0.002141,0.6914
9.029e-06,0.002532,0.7164
6.653e-06,0.002234,0.7419
9.23e-06,0.002204,0.6817
1.091e-05,0.002638,0.6864
4.251e-06,0.002328,0.8114
5.519e-06,0.001859,0.7428
9.144e-06,0.002059,0.6769
8.688e-06,0.001896,0.6636
1.426e-05,0.002374,0.6404
1.685e-05,0.002475,0.6089
6.235e-06,0.001998,0.7405
6.66e-06,0.001975,0.7297
7.242e-06,0.002065,0.7147
1.018e-05,0.001845,0.656
1.421e-05,0.002328,0.6379
7.271e-06,0.002128,0.7204
2.22e-05,0.002062,0.5513
2.827e-06,0.001963,0.8426
1.358e-05,0.002085,0.6314
1.034e-05,0.002194,0.6898
1.886e-05,0.002013,0.579
9.364e-06,0.002428,0.6907
2.998e-06,0.002299,0.8482
3.347e-06,0.00225,0.8359
8.15e-06,0.002248,0.7177
1.887e-05,0.002275,0.5884
1.187e-05,0.001719,0.6333
1.77e-05,0.002564,0.6127
6.393e-06,0.002255,0.7456
4.572e-06,0.002184,0.7991
4.794e-06,0.00235,0.7967
2.208e-05,0.001833,0.5504
1.076e-05,0.001771,0.6501
2.82e-06,0.001823,0.8458
1.607e-05,0.00191,0.5989
1.141e-05,0.001911,0.6441
1.216e-05,0.001662,0.6197
9.206e-06,0.00207,0.689
6.489e-06,0.002195,0.7281
8.276e-06,0.001976,0.7054
3.535e-06,0.002139,0.8382
6.485e-06,0.002241,0.7379
6.162e-06,0.002165,0.7503
2.257e-06,0.001811,0.8682
8.763e-06,0.002186,0.68
3.069e-05,0.00224,0.5205
2.034e-06,0.001927,0.8746
1.263e-05,0.001766,0.6169
1.08e-05,0.001816,0.6438
5.983e-06,0.001846,0.725
2.63e-05,0.002009,0.5351
5.272e-06,0.002402,0.7794
8.395e-06,0.002753,0.7294
2.517e-05,0.001875,0.5319
1.242e-05,0.002154,0.6545
1.28e-05,0.00218,0.6383
5.388e-06,0.002182,0.7625
1.046e-05,0.002756,0.6893
1.477e-05,0.002224,0.6251
1.018e-05,0.002117,0.6746
6.315e-06,0.002057,0.7488
6.761e-06,0.002591,0.7565
8.505e-06,0.002194,0.7042
6.94e-06,0.002467,0.7386
9.035e-06,0.002399,0.7087
1.085e-05,0.002393,0.6621
3.238e-06,0.002153,0.8294
7.672e-06,0.00239,0.7359
5.041e-06,0.00226,0.7834
6.583e-06,0.002234,0.7504
4.319e-06,0.00187,0.7877
7.403e-06,0.001797,0.7112
1.574e-05,0.001979,0.6076
9.987e-06,0.001678,0.6381
1.142e-05,0.002253,0.6563
7.984e-06,0.001922,0.706
4.985e-06,0.001881,0.7728
1.336e-05,0.002431,0.6557
1.264e-05,0.001921,0.6253
7.068e-06,0.002205,0.7304
8.517e-06,0.001794,0.6793
1.117e-05,0.002256,0.6433
5.796e-06,0.001702,0.729
1.25e-05,0.002101,0.645
9.765e-06,0.001679,0.6576
6.985e-06,0.00205,0.7253
1.602e-05,0.001855,0.5997
1.406e-05,0.001987,0.6296
5.631e-06,0.002246,0.7712
1.328e-05,0.002045,0.6181
5.441e-06,0.001973,0.7477
3.448e-06,0.002394,0.846
4.047e-06,0.001654,0.7856
6.143e-06,0.00229,0.7474
3.419e-05,0.002265,0.5
2.311e-05,0.001863,0.5481
8.226e-06,0.002429,0.713
1.206e-05,0.001991,0.6375
1.119e-05,0.002098,0.661
2.653e-05,0.001852,0.5223
7.833e-06,0.001836,0.6924
8.225e-06,0.001875,0.6886
7.117e-06,0.002101,0.7302
5.01e-06,0.002853,0.8002
1.105e-05,0.002088,0.6548
1.254e-05,0.002246,0.6495
1.378e-05,0.001818,0.6238
2.498e-06,0.001919,0.8474
7.787e-06,0.001841,0.695
2.769e-05,0.001744,0.5
1.583e-06,0.00281,0.9585
1.981e-05,0.002316,0.594
3.887e-06,0.002274,0.8154
8.835e-06,0.002401,0.7029
5.469e-06,0.001943,0.7447
3.918e-06,0.001838,0.8048
8.491e-06,0.002151,0.7071
9.132e-06,0.002069,0.6819
6.872e-06,0.002365,0.7396
1.01e-05,0.001656,0.6494
1.124e-05,0.00184,0.6375
1.755e-05,0.001862,0.5636
8.45e-06,0.002224,0.7032
2.379e-06,0.001977,0.8756
1.901e-06,0.001851,0.8884
1.333e-05,0.001985,0.6386
2.381e-05,0.002412,0.561
1.216e-05,0.002251,0.6422
6.699e-06,0.001995,0.7226
9.382e-06,0.002059,0.6983
7.712e-06,0.002055,0.7143
1.901e-05,0.002124,0.584
9.93e-06,0.002194,0.6666
6.746e-06,0.001883,0.7231
8.594e-06,0.001922,0.6708
6.151e-06,0.001987,0.74
1.058e-05,0.00214,0.6627
4.76e-06,0.002317,0.7774
5.39e-06,0.002191,0.7728
1.882e-05,0.002424,0.5964
6.337e-06,0.002665,0.757
8.51e-06,0.002731,0.7207
1.019e-05,0.00189,0.6641
1.608e-05,0.001953,0.5907
2.089e-05,0.001912,0.56
2.163e-05,0.001642,0.5403
5.106e-06,0.002009,0.7703
1.309e-05,0.002517,0.6665
8.152e-06,0.001908,0.6932
5.104e-06,0.002233,0.7776
8.033e-06,0.001704,0.6848
6.25e-06,0.002005,0.7439
7.381e-06,0.001772,0.7072
9.399e-06,0.002173,0.6969
1.829e-05,0.002474,0.6018
1.608e-05,0.002,0.6091
7.309e-06,0.001886,0.7193
1.409e-05,0.00193,0.6105
6.383e-06,0.002215,0.737
2.658e-06,0.001979,0.8641
2.463e-05,0.001995,0.5445
3.776e-06,0.0026,0.8306
9.252e-06,0.001855,0.6687
7.411e-06,0.002245,0.7406
1.19e-05,0.001921,0.6343
1.294e-05,0.001743,0.6237
5.609e-06,0.002425,0.7736
3.823e-06,0.00239,0.8316
2.625e-05,0.001969,0.5261
1.206e-05,0.002263,0.6557
1.472e-05,0.0022,0.6235
2.032e-05,0.001946,0.5593
1.402e-05,0.001985,0.6403
1.61e-05,0.0024,0.6232
1.505e-05,0.002305,0.6334
6.013e-06,0.001773,0.7394
3.078e-05,0.002029,0.5
8.027e-06,0.002167,0.7029
1.1e-05,0.002344,0.6759
1.855e-05,0.002489,0.6057
1.764e-05,0.002105,0.5862
5.432e-06,0.002148,0.7572
5.529e-06,0.002273,0.7648
4.29e-06,0.002082,0.7905
5.069e-06,0.002026,0.7627
3.994e-06,0.002562,0.8129
1.356e-05,0.00233,0.643
2.623e-06,0.001887,0.8528
3.475e-05,0.002441,0.5
5.888e-06,0.002046,0.7506
8.13e-06,0.001922,0.6943
6.259e-06,0.002101,0.7429
1.373e-05,0.001934,0.6094
1.302e-05,0.002099,0.6391
7.801e-06,0.002533,0.7256
9.128e-06,0.002032,0.674
4.603e-06,0.001963,0.7745
4.991e-06,0.002183,0.7689
5.027e-06,0.001902,0.7584
5.164e-06,0.00184,0.757
6.693e-06,0.002341,0.7466
1.735e-05,0.002275,0.5944
4.802e-06,0.002143,0.7642
7.151e-06,0.002395,0.726
2.481e-05,0.00186,0.5275
2.118e-05,0.001968,0.5448
7.505e-06,0.002116,0.7248
1.018e-05,0.002074,0.6782
9.525e-06,0.001886,0.6727
5.266e-06,0.001991,0.7633
1.011e-05,0.001923,0.6603
1.488e-05,0.001916,0.6095
7.367e-06,0.002118,0.7156
4.503e-06,0.002115,0.7904
2.457e-06,0.001972,0.8775
5.941e-06,0.002793,0.7871
1.326e-05,0.001658,0.6144
6.804e-06,0.001904,0.7257
5.814e-06,0.002038,0.753
1.458e-05,0.002139,0.6238
4.373e-06,0.001941,0.7884
1.92e-05,0.002079,0.5797
2.106e-05,0.002036,0.575
5.916e-06,0.001905,0.7471
1.299e-06,0.001884,0.9534
6.268e-06,0.00213,0.7384
1.108e-05,0.001871,0.6372
2.707e-05,0.002128,0.5319
4.646e-06,0.002389,0.7998
8.623e-06,0.001979,0.6884
7.522e-06,0.002319,0.7194
3.111e-06,0.002036,0.8446
1.947e-05,0.002064,0.5759
2.543e-06,0.001768,0.8494
7.691e-06,0.002398,0.7264
1.222e-05,0.001931,0.6296
8.916e-06,0.002114,0.6903
3.533e-06,0.002453,0.8438
2.434e-05,0.00226,0.5596
1.187e-05,0.002091,0.6519
9.919e-06,0.002094,0.6772
2.42e-05,0.002067,0.5482
1.017e-05,0.002047,0.6693
6.915e-06,0.001993,0.7245
1.018e-05,0.002001,0.6636
1.523e-05,0.00175,0.5884
3.602e-06,0.001856,0.816
1.124e-05,0.002105,0.6658
1.08e-05,0.001978,0.6633
1.549e-05,0.002133,0.6042
3.17e-06,0.001666,0.8002
4.837e-06,0.002207,0.7694
4.828e-06,0.002288,0.7804
8.671e-06,0.002263,0.6987
1.002e-05,0.002425,0.7049
7.738e-06,0.002309,0.7309
5.936e-06,0.001832,0.7357
9.58e-06,0.0024,0.6984
8.385e-06,0.00212,0.697
3.778e-06,0.002094,0.819
1.112e-05,0.002528,0.676
4.047e-06,0.002152,0.81
2.866e-06,0.002168,0.8432
1.707e-05,0.002362,0.6178
3.55e-06,0.002264,0.8291
6.238e-06,0.001892,0.7287
6.361e-06,0.00202,0.7333
1.37e-05,0.001993,0.618
6.352e-06,0.002072,0.736
5.413e-06,0.00201,0.7535
4.49e-06,0.001904,0.7738
1.611e-05,0.001999,0.5881
4.224e-06,0.00179,0.766
2.919e-06,0.002067,0.832
2.655e-05,0.002562,0.5532
9.616e-06,0.0021,0.6758
1.025e-05,0.001855,0.6575
1.133e-05,0.002066,0.6459
2.585e-05,0.001926,0.5394
5.829e-06,0.002344,0.7625
1.757e-05,0.002251,0.6038
1.32e-05,0.002087,0.6152
4.518e-06,0.001882,0.777
2.77e-06,0.001968,0.8538
1.069e-05,0.001766,0.646
2.334e-05,0.001882,0.5405
4.31e-06,0.001584,0.7648
6.989e-06,0.002434,0.7348
3.796e-06,0.001901,0.7976
4.313e-06,0.001867,0.7804
1.338e-06,0.00207,0.9665
7.286e-06,0.001886,0.7175
6.247e-06,0.001884,0.7419
6.845e-06,0.002038,0.7303
6.62e-06,0.002118,0.7286
2.72e-06,0.002059,0.8544
9.86e-06,0.001996,0.6563
8.914e-06,0.001931,0.6815
1.051e-06,0.002095,0.9948
4.021e-06,0.002046,0.8036
1.291e-05,0.001972,0.6319
7.806e-06,0.002298,0.7126
4.539e-06,0.002071,0.7689
6.162e-06,0.001949,0.7295
5.056e-06,0.002376,0.7842
3.607e-06,0.001906,0.8041
3.15e-06,0.001894,0.8273
1.091e-05,0.00246,0.6833
9.127e-06,0.002099,0.6792
7.436e-06,0.002197,0.724
5.633e-06,0.002234,0.7572
1.921e-06,0.001858,0.8946
3.302e-06,0.002253,0.844
6.228e-06,0.00257,0.7591
8.941e-06,0.001702,0.661
1.151e-05,0.001901,0.642
3.106e-06,0.001885,0.8298
2.584e-06,0.002384,0.8829
5.775e-06,0.001887,0.7424
1.062e-05,0.002059,0.667
1.292e-05,0.00204,0.642
1.099e-05,0.001868,0.6394
1.267e-05,0.002079,0.6517
1.379e-05,0.002138,0.64
4.585e-06,0.001932,0.7862
2.114e-05,0.002374,0.5792
3.646e-05,0.002643,0.5
1.32e-05,0.002143,0.6325
9.811e-06,0.002129,0.6787
9.701e-06,0.002133,0.6804
4.101e-06,0.001793,0.7747
3.114e-06,0.002374,0.843
1.083e-05,0.002102,0.6562
5.765e-06,0.002201,0.7669
1.419e-05,0.002601,0.6469
1.95e-05,0.00207,0.5747
6.15e-06,0.001833,0.7366
3.191e-06,0.001814,0.8295
1.047e-05,0.002199,0.6736
1.114e-06,0.002196,0.9876
1.63e-05,0.002262,0.6144
4.319e-06,0.001895,0.7785
4.777e-06,0.002052,0.7685
1.164e-05,0.0018,0.6335
1.295e-05,0.002107,0.6493
1.174e-05,0.002579,0.6641
8.709e-06,0.002169,0.7008
2.438e-05,0.00211,0.5547
8.381e-06,0.002511,0.7217
1.781e-05,0.002023,0.593
5.139e-06,0.002344,0.7715
2.311e-05,0.002444,0.559
1.95e-05,0.002201,0.5772
1.344e-05,0.002381,0.6371
2.35e-05,0.002085,0.5393
2.176e-05,0.002144,0.5561
8.692e-06,0.002226,0.6938
1.084e-05,0.002148,0.6627
1.462e-05,0.002426,0.6372
2.907e-05,0.002323,0.5383
3.745e-06,0.002047,0.8144
8.45e-06,0.001999,0.6968
5.813e-06,0.001914,0.737
7.15e-06,0.002271,0.7243
1.521e-05,0.001852,0.603
1.624e-05,0.002009,0.5969
1.422e-05,0.001959,0.6097
7.204e-06,0.001927,0.7129
1.896e-05,0.002244,0.5799
6.647e-06,0.002122,0.7388
8.883e-06,0.001904,0.6798
3.725e-06,0.001738,0.798
5.676e-06,0.001973,0.7417
1.281e-05,0.002044,0.6455
1.089e-05,0.001854,0.6423
3.349e-06,0.00189,0.8188
9.488e-06,0.002076,0.6753
1.292e-05,0.001954,0.6292
6.821e-06,0.001842,0.7075
1.708e-05,0.002053,0.5739
8.301e-06,0.001809,0.6749
5.727e-06,0.001948,0.744
3.414e-06,0.002153,0.8309
1.02e-05,0.002017,0.6564
7.968e-06,0.002222,0.6961
1.777e-05,0.001978,0.5839
7.548e-06,0.002047,0.7002
6.975e-06,0.002385,0.7425
3.696e-06,0.002227,0.826
1.595e-05,0.002512,0.6145
1.467e-05,0.00187,0.6136
5.782e-06,0.002115,0.7503
8.65e-06,0.002391,0.6969
1.358e-05,0.00186,0.6188
1.059e-05,0.002172,0.6742
8.694e-06,0.00207,0.6895
3.863e-06,0.001795,0.8003
1.014e-05,0.001871,0.6545
1.253e-05,0.001644,0.6199
1.143e-05,0.00199,0.6539
4.543e-06,0.002138,0.7954
9.82e-06,0.001708,0.6457
3.187e-06,0.00236,0.8453
1.523e-05,0.002014,0.6172
1.466e-05,0.001908,0.5955
2.25e-05,0.002323,0.5701
9.118e-06,0.002142,0.6914
6.453e-06,0.002297,0.7472
8.251e-06,0.002186,0.6927
9.4e-06,0.001782,0.6663
1.649e-05,0.0019,0.5917
1.945e-05,0.001833,0.5635
6.192e-06,0.001812,0.7413
1.599e-05,0.002225,0.6114
2.672e-06,0.001656,0.8323
8.485e-06,0.002302,0.7037
9.185e-06,0.001897,0.6774
9.683e-06,0.002696,0.7029
6.709e-06,0.002436,0.7476
6.182e-06,0.001776,0.72
8.524e-06,0.001789,0.6785
1.07e-05,0.002285,0.6795
5.293e-06,0.001751,0.7473
1.558e-05,0.001999,0.5951
1.077e-05,0.00183,0.6436
2.271e-05,0.002007,0.5385
4.251e-06,0.001884,0.7752
9.426e-06,0.001742,0.6616
1.324e-05,0.001985,0.6301
4.275e-06,0.00177,0.7895
1.52e-05,0.002323,0.6211
9.462e-06,0.001897,0.6821
7.162e-06,0.002242,0.7288
1.852e-05,0.002011,0.57
1.611e-05,0.00188,0.5788
9.6e-06,0.002181,0.6807
4.013e-06,0.002217,0.8153
5.985e-06,0.001799,0.734
9.986e-06,0.002473,0.6938
1.484e-05,0.002195,0.6257
9.908e-06,0.002632,0.6905
2.077e-05,0.002181,0.5755
1.913e-05,0.001822,0.5593
3.113e-06,0.001587,0.8242
1.187e-05,0.00212,0.6406
1.623e-05,0.002378,0.6221
2.461e-05,0.002049,0.5343
1.401e-05,0.002279,0.6395
1.033e-05,0.001941,0.659
9.732e-06,0.001868,0.6744
5.742e-06,0.001847,0.7351
8.622e-06,0.002456,0.7101
1.201e-05,0.002755,0.678
7.129e-06,0.001756,0.6997
6.422e-06,0.001696,0.7209
1.76e-05,0.002039,0.5827
5.69e-06,0.002239,0.7627
5.511e-06,0.002151,0.7674
1.274e-05,0.002203,0.6472
2.881e-06,0.002209,0.8576
5.287e-06,0.002511,0.7825
2.284e-05,0.002034,0.5477
1.076e-05,0.002239,0.6631
8.217e-06,0.001913,0.6944
3.054e-06,0.001927,0.8362
1.152e-05,0.002279,0.6562
3.234e-06,0.002067,0.8318
7.196e-06,0.002096,0.724
1.296e-05,0.002133,0.634
1.196e-05,0.002005,0.6361
6.722e-06,0.002092,0.7254
5.246e-06,0.002229,0.7704
9.175e-06,0.002226,0.7013
1.002e-05,0.001891,0.648
1.45e-05,0.002312,0.6337
6.886e-06,0.001851,0.7111
8.308e-06,0.002665,0.7141
1.012e-05,0.002057,0.6679
3.043e-06,0.002137,0.8444
1.343e-05,0.002814,0.6643
1.027e-05,0.002379,0.6776
1.174e-05,0.002137,0.641
3.285e-06,0.001727,0.8168
5.8e-06,0.001885,0.7353
3.583e-06,0.002218,0.83
1.287e-05,0.001876,0.6282
1.043e-05,0.001725,0.6293
9.592e-06,0.002473,0.6884
3.427e-06,0.001694,0.7972
1.134e-05,0.001843,0.6353
1.942e-06,0.001778,0.9022
9.543e-06,0.00206,0.6875
5.876e-06,0.002171,0.7565
8.535e-06,0.001751,0.695
1.006e-05,0.001949,0.6664
8.727e-06,0.002067,0.6937
7.449e-06,0.001752,0.6971
8.46e-06,0.001769,0.6705
1.671e-05,0.002251,0.6029
2.177e-05,0.002017,0.5578
4.75e-06,0.00188,0.7775
8.317e-06,0.001657,0.6887
1.564e-05,0.001865,0.5949
1.215e-05,0.002155,0.6541
7.433e-06,0.002136,0.7219
8.151e-06,0.002015,0.6994
3.043e-05,0.002033,0.5124
2.741e-05,0.002027,0.5272
2.516e-05,0.001739,0.5115
1.288e-05,0.002021,0.6364
7.652e-06,0.002375,0.7279
4.579e-06,0.002508,0.8098
3.828e-06,0.002093,0.8081
1.734e-05,0.001938,0.5915
8.029e-06,0.001892,0.6922
2.61e-06,0.00217,0.8742
1.436e-05,0.002193,0.6208
1.158e-05,0.002118,0.6492
7.179e-06,0.001662,0.7107
2.117e-05,0.002486,0.5889
7.1e-06,0.00186,0.7166
7.024e-06,0.002327,0.7249
1.26e-05,0.002517,0.6558
4.815e-06,0.002311,0.7862
1.286e-05,0.001802,0.6254
1.097e-05,0.002244,0.6514
6.815e-06,0.002037,0.7212
1.798e-05,0.001704,0.5598
1.089e-05,0.001896,0.6541
7.655e-06,0.001791,0.6802
3.156e-06,0.001798,0.8112
6.52e-06,0.002422,0.7529
9.365e-06,0.002183,0.697
1.983e-05,0.001937,0.5681
6.202e-06,0.002334,0.7618
1.867e-05,0.00214,0.5896
7.149e-06,0.002115,0.7284
7.327e-06,0.001907,0.7044
5.667e-06,0.002348,0.7575
4.968e-06,0.002227,0.7619
3.9e-06,0.001671,0.7851
1.32e-05,0.002155,0.6263
3.155e-05,0.002081,0.5122
3.181e-06,0.001671,0.8188
1.065e-05,0.001978,0.6706
6.04e-06,0.002014,0.7452
4.361e-06,0.002378,0.8178
4.69e-06,0.001901,0.781
3.46e-06,0.002189,0.831
1.095e-05,0.00199,0.6448
1.224e-05,0.001782,0.6198
1.709e-05,0.001889,0.5951
3.687e-06,0.002197,0.8162
2.346e-05,0.002452,0.565
1.217e-05,0.002053,0.6303
6.435e-06,0.002466,0.756
7.531e-06,0.001824,0.7011
3.373e-06,0.001847,0.8198
2.14e-05,0.001902,0.5499
1.132e-05,0.002283,0.6603
1.333e-05,0.001693,0.6142
4.615e-06,0.001846,0.7805
2.473e-05,0.001804,0.5298
4.558e-06,0.001952,0.7787
1.889e-05,0.002419,0.5894
4.109e-06,0.001976,0.8011
7.599e-06,0.002007,0.7063
6.338e-06,0.002445,0.7482
2.79e-06,0.002237,0.8584
5.924e-06,0.002285,0.7421
5.053e-06,0.002032,0.7754
4.682e-06,0.001794,0.768
1.137e-05,0.001874,0.6365
1.704e-05,0.002455,0.6089
1.629e-06,0.00228,0.9391
6.151e-06,0.001958,0.7424
1.211e-05,0.00185,0.6381
3.113e-06,0.001863,0.8224
1.926e-05,0.002164,0.5906
5.695e-06,0.002047,0.7575
1.323e-05,0.001763,0.6163
2.677e-05,0.002529,0.546
7.479e-06,0.00197,0.7087
7.927e-06,0.001936,0.7078
3.017e-06,0.001988,0.8466
9.987e-06,0.002387,0.6793
2.16e-05,0.001957,0.5529
6.252e-06,0.002247,0.7381
1.104e-05,0.00225,0.6655
1.171e-05,0.002014,0.6488
2.499e-06,0.002188,0.8823
2.794e-05,0.001798,0.5121
5.884e-06,0.001964,0.7353
1.866e-05,0.002303,0.5885
1.172e-05,0.00206,0.6554
9.035e-06,0.002176,0.6956
4.613e-06,0.002038,0.783
5.526e-06,0.001933,0.7492
8.137e-06,0.002207,0.7144
9.131e-06,0.001973,0.6823
1.444e-05,0.001963,0.6124
2.709e-06,0.002527,0.8844
7.54e-06,0.002649,0.7315
6.844e-06,0.002236,0.7235
5.874e-06,0.001945,0.7437
1.132e-05,0.002349,0.659
2.867e-05,0.001862,0.5
2.31e-06,0.002161,0.8741
1.062e-05,0.002223,0.6792
1.031e-05,0.002234,0.6731
9.52e-06,0.002184,0.691
3.533e-06,0.002093,0.8185
5.604e-06,0.001817,0.7472
9.412e-06,0.001739,0.6645
6.267e-06,0.002076,0.7393
2.542e-05,0.001926,0.5358
1.422e-05,0.001837,0.6272
2.911e-06,0.001988,0.8435
1.087e-05,0.002466,0.6775
6.184e-06,0.002146,0.7386
9.237e-06,0.002076,0.6876
4.032e-06,0.002225,0.8136
1.081e-05,0.00195,0.6499
8.408e-06,0.002301,0.6979
4.724e-06,0.002602,0.7982
2.216e-06,0.001777,0.8583
3.672e-06,0.002194,0.8164
3.359e-06,0.001694,0.8085
2.05e-05,0.002082,0.57
1.011e-05,0.001973,0.6771
4.928e-06,0.002209,0.7803
2.566e-05,0.002148,0.5434
2.481e-05,0.00227,0.5424
1.364e-05,0.002502,0.641
1.231e-05,0.001766,0.618
8.563e-06,0.001932,0.6863
7.022e-06,0.002032,0.7204
8.417e-06,0.002291,0.7115
1.394e-05,0.001775,0.5951
8.253e-06,0.001756,0.6793
6.871e-06,0.001915,0.7272
5.981e-06,0.002009,0.736
3.604e-06,0.002385,0.8315
2.176e-06,0.0019,0.8822
1.273e-05,0.001971,0.6314
9.929e-06,0.002574,0.6915
3.211e-06,0.002398,0.8577
3.049e-06,0.002164,0.8459
4.564e-06,0.001849,0.7785
2.174e-05,0.002304,0.5813
1.128e-05,0.001858,0.6423
9.415e-06,0.001826,0.6624
5.628e-06,0.002092,0.7626
9.126e-06,0.002103,0.6907
5.133e-06,0.002454,0.7914
1.85e-06,0.002219,0.92
3.133e-06,0.001676,0.8038
5.805e-06,0.002424,0.762
3.665e-06,0.001938,0.8137
7.498e-06,0.002165,0.719
5.574e-06,0.002052,0.7596
5.165e-06,0.002314,0.7751
2.131e-06,0.002657,0.9148
4.945e-06,0.001992,0.7767
1.048e-05,0.002637,0.6893
1.119e-05,0.00167,0.6246
2.052e-05,0.001631,0.5308
5.02e-06,0.001856,0.7594
2.493e-06,0.002353,0.8793
5.256e-06,0.00245,0.7796
1.193e-05,0.002009,0.6405
3.924e-06,0.002109,0.7987
7.341e-06,0.00212,0.7144
2.281e-06,0.001853,0.8663
1.511e-05,0.001935,0.6069
6.854e-06,0.001829,0.7216
1.145e-05,0.001907,0.6452
5.751e-06,0.001994,0.7587
2.218e-05,0.002001,0.5506
6.553e-06,0.002494,0.7494
8.152e-06,0.002015,0.6975
1.724e-05,0.002341,0.6059
1.912e-05,0.002433,0.5942
4.979e-06,0.001845,0.7684
5.029e-06,0.00213,0.775
1.21e-05,0.001735,0.6214
6.965e-06,0.001836,0.6951
1.581e-05,0.002232,0.6125
2.434e-05,0.002401,0.5535
1.925e-05,0.002126,0.5879
3.424e-06,0.002395,0.8318
5.727e-06,0.00199,0.7455
3.422e-06,0.002228,0.8262
1.08e-05,0.001688,0.6303
6.466e-06,0.002039,0.7317
2.853e-06,0.002349,0.873
9.51e-06,0.001801,0.6631
5.426e-06,0.002267,0.7518
3.368e-06,0.001893,0.8165
4.13e-06,0.001915,0.7911
6.969e-06,0.002288,0.7407
1.076e-05,0.002164,0.6551
1.814e-05,0.00183,0.5803
6.177e-06,0.002835,0.7689
1.391e-05,0.00198,0.6186
1.173e-05,0.00216,0.6463
1.539e-05,0.001967,0.6041
1.041e-05,0.002306,0.6675
4.609e-06,0.002201,0.7841
3.365e-06,0.002595,0.8608
6.437e-06,0.002205,0.7414
2.033e-05,0.001997,0.5681
8.301e-06,0.001773,0.6787
6.616e-06,0.001869,0.727
1.186e-05,0.002258,0.662
5.955e-06,0.002068,0.751
4.18e-06,0.002051,0.798
2.51e-05,0.002251,0.5491
7.153e-06,0.002053,0.7285
1.017e-05,0.002405,0.6879
1.444e-05,0.002165,0.6265
2.092e-06,0.00195,0.8877
3.456e-06,0.002039,0.8221
1.631e-05,0.002197,0.6212
8.281e-06,0.002066,0.6984
5.087e-06,0.001884,0.7668
2.572e-06,0.002055,0.8805
1.833e-06,0.002126,0.9112
9.829e-06,0.002353,0.6879
9.49e-06,0.001868,0.6633
6.05e-06,0.002235,0.7598
4.278e-06,0.002102,0.7843
4.49e-06,0.001811,0.7602
4.856e-06,0.001952,0.7614
4.225e-06,0.001983,0.7836
4.689e-06,0.002085,0.7941
7.935e-06,0.002036,0.7044
8.081e-06,0.002042,0.7144
4.826e-06,0.002256,0.788
1.105e-05,0.00201,0.6468
1.122e-05,0.002519,0.6771
2.113e-05,0.002062,0.5675
4.789e-06,0.001929,0.7787
1.003e-05,0.001885,0.6657
1.032e-05,0.001996,0.665
2.299e-06,0.002728,0.9065
1.405e-06,0.001958,0.9466
1.285e-05,0.001985,0.6368
3.587e-06,0.002311,0.8184
4.952e-06,0.002059,0.7833
2.717e-05,0.002178,0.5363
6.245e-06,0.00207,0.7425
7.667e-06,0.001943,0.7081
1.239e-05,0.001915,0.635
6.756e-06,0.001946,0.7269
7.89e-06,0.001974,0.6929
5.429e-06,0.002399,0.7681
2.342e-05,0.002138,0.5505
5.699e-06,0.001903,0.7375
3.349e-06,0.002057,0.8297
8.555e-06,0.00199,0.6965
1.255e-05,0.002409,0.6596
5.577e-06,0.001836,0.7431
1.686e-05,0.002253,0.6066
6.831e-06,0.002493,0.7281
1.894e-05,0.001861,0.5772
4.895e-06,0.002043,0.7733
9.886e-06,0.002434,0.7005
1.087e-05,0.002048,0.6472
1.134e-05,0.002789,0.6803
3.894e-06,0.002169,0.8031
8.839e-06,0.002232,0.6928
2.835e-06,0.001933,0.8374
1.43e-05,0.002064,0.6244
9.629e-06,0.002261,0.6928
9.595e-06,0.002355,0.6907
1.04e-05,0.001542,0.6321
1.093e-05,0.00201,0.6618
8.399e-06,0.002418,0.7129
4.922e-06,0.002969,0.816
1.304e-05,0.002491,0.66
6.962e-06,0.001921,0.7076
3.733e-06,0.001869,0.8082
3.471e-06,0.002476,0.8522
9.967e-06,0.001897,0.6491
5.613e-06,0.002278,0.7652
1.361e-05,0.001879,0.6202
4.274e-06,0.002626,0.8272
2.234e-05,0.001992,0.5436
1.177e-05,0.001948,0.6356
7.342e-06,0.001989,0.7095
4.719e-06,0.001939,0.7773
1.236e-05,0.00204,0.6555
4.851e-06,0.001764,0.7617
3.255e-06,0.002521,0.8618
3.967e-06,0.001834,0.7934
9.002e-06,0.002223,0.6897
1.14e-05,0.00183,0.646
6.38e-06,0.001874,0.7142
6.715e-06,0.001921,0.7234
1.432e-05,0.001802,0.6094
5.141e-06,0.001985,0.7547
4.777e-06,0.002085,0.7922
8.461e-06,0.002023,0.698
4.969e-06,0.001921,0.7573
1.444e-05,0.002648,0.636
4.861e-06,0.002021,0.7704
9.935e-06,0.00248,0.6956
1.822e-05,0.002078,0.5885
6.204e-06,0.001998,0.7345
7.386e-06,0.002065,0.7118
2.119e-05,0.002277,0.571
1.73e-05,0.002022,0.5872
4.25e-06,0.002175,0.7907
6.945e-06,0.001993,0.7308
8.385e-06,0.002096,0.6848
2.689e-06,0.001678,0.8393
7.661e-06,0.001644,0.6867
1.002e-05,0.002091,0.6696
7.373e-06,0.001679,0.6927
8.804e-06,0.002124,0.683
8.504e-06,0.002095,0.6884
6.117e-06,0.002082,0.7502
7.302e-06,0.002189,0.7214
8.273e-06,0.001639,0.6791
1.255e-05,0.001844,0.6276
8.039e-06,0.002761,0.7266
8.475e-06,0.001917,0.6902
3.772e-06,0.002296,0.8259
1.077e-05,0.001938,0.6635
7.947e-06,0.001731,0.6908
6.202e-06,0.002257,0.7499
1.232e-05,0.002038,0.6454
3.775e-06,0.001898,0.8138
3.851e-06,0.001813,0.7769
2.259e-06,0.002318,0.899
2.019e-05,0.001797,0.5555
4.479e-06,0.002128,0.773
1.596e-05,0.001992,0.5877
1.176e-05,0.00196,0.6393
6.128e-06,0.001833,0.7259
6.826e-06,0.002112,0.7293
8.366e-06,0.002124,0.7051
4.683e-06,0.002455,0.7924
9.725e-06,0.002142,0.6742
1.088e-05,0.002232,0.6815
1.073e-05,0.002119,0.6789
5.389e-06,0.002052,0.7589
9.531e-06,0.002177,0.6845
3.654e-06,0.002669,0.8397
5.228e-06,0.001723,0.7478
4.907e-06,0.002046,0.7762
2.749e-06,0.002006,0.8478
1.047e-05,0.002069,0.6735
8.459e-06,0.002203,0.697
9.357e-06,0.002337,0.6902
1.645e-05,0.001999,0.6023
4.758e-06,0.002124,0.7575
6.818e-06,0.002097,0.7249
3.722e-06,0.001978,0.8202
3.704e-06,0.0024,0.833
5.189e-06,0.001604,0.7401
1.182e-05,0.002155,0.6596
5.647e-06,0.001827,0.7363
4.268e-06,0.00243,0.8065
5.056e-06,0.002314,0.7684
3.308e-06,0.002245,0.8311
1.868e-05,0.002045,0.5797
4.046e-06,0.002112,0.8127
6.037e-06,0.002336,0.7619
8.41e-06,0.002178,0.706
2.655e-05,0.001835,0.5247
3.77e-06,0.002634,0.8353
2.467e-05,0.002331,0.5522
2.431e-06,0.002046,0.8774
8.023e-06,0.00192,0.6969
1.001e-05,0.002234,0.6845
7.861e-06,0.002066,0.7187
6.09e-06,0.002021,0.7401
6.358e-06,0.002222,0.7311
8.51e-06,0.002052,0.6957
7.797e-06,0.00222,0.7127
7.389e-06,0.002663,0.7437
1.983e-05,0.002578,0.591
1.901e-05,0.002354,0.6017
5.466e-06,0.001945,0.7579
2.53e-06,0.00235,0.8846
3.449e-05,0.002245,0.5
9.491e-06,0.001985,0.6693
4.152e-06,0.002323,0.8053
1.259e-05,0.001917,0.6262
9.394e-06,0.001949,0.6677
3.999e-06,0.001692,0.7756
1.365e-05,0.001987,0.6271
8.991e-06,0.002112,0.6939
2.406e-05,0.002619,0.5636
1.048e-05,0.002399,0.6896
1e-06,0.002105,0.9991
1.741e-05,0.002125,0.583
1.8e-05,0.002064,0.5758
5.225e-06,0.001833,0.7453
1.115e-05,0.00164,0.6423
1.383e-05,0.001977,0.6207
6.211e-06,0.002029,0.7469
6.021e-06,0.002332,0.7555
2.87e-05,0.002283,0.5429
9.45e-06,0.002024,0.6875
3.287e-05,0.002217,0.5097
1.107e-05,0.002069,0.6583
5.636e-06,0.002071,0.7473
2.863e-06,0.002161,0.8497
1.521e-05,0.002172,0.6181
5.844e-06,0.001907,0.7466
2.375e-06,0.002093,0.8846
1.25e-05,0.001879,0.6361
8.114e-06,0.001972,0.704
3.267e-05,0.002277,0.5
2.907e-06,0.001755,0.8405
6.266e-06,0.001891,0.7361
5.377e-06,0.002139,0.7616
3.376e-05,0.002157,0.5
8.958e-06,0.002209,0.6943
3.804e-06,0.00212,0.8195
7.11e-06,0.002058,0.7181
1.602e-05,0.002108,0.6099
1.031e-05,0.002301,0.6753
1.246e-05,0.001731,0.6206
6.058e-06,0.002037,0.7456
1.669e-05,0.001888,0.5977
9.608e-06,0.001675,0.6588
8.516e-06,0.002509,0.7233
1.24e-05,0.002471,0.6593
4.572e-06,0.001966,0.7818
3.605e-06,0.001875,0.8086
1.767e-05,0.001821,0.5812
1.061e-05,0.002231,0.678
6.436e-06,0.002388,0.7567
6.325e-06,0.00249,0.7569
7.611e-06,0.002493,0.7389
3.736e-06,0.002423,0.8364
1.539e-05,0.002068,0.6084
4.371e-06,0.002472,0.8052
1.187e-05,0.002408,0.6579
1.026e-05,0.002066,0.673
1.538e-05,0.002104,0.6212
6.09e-06,0.001606,0.7148
3.633e-06,0.001938,0.8063
1.183e-05,0.001847,0.624
8.174e-06,0.001787,0.6878
7.09e-06,0.002017,0.7154
2.673e-05,0.001634,0.5
1.901e-05,0.001654,0.5523
8.962e-06,0.002851,0.7222
2.999e-06,0.002019,0.8506
1.091e-05,0.002244,0.6635
8.111e-06,0.002345,0.7199
6.985e-06,0.00174,0.7077
3.283e-06,0.002026,0.8202
1.133e-05,0.001708,0.6339
5.368e-06,0.002248,0.7726
4.082e-06,0.002019,0.7937
1.258e-05,0.002215,0.6434
2.175e-05,0.002446,0.5959
6.406e-06,0.002502,0.758
1.677e-05,0.002018,0.5897
4.404e-06,0.001968,0.7879
2.37e-05,0.00232,0.5629
3.606e-06,0.001771,0.7998
4.081e-06,0.002088,0.8106
1.537e-05,0.002102,0.6172
2.599e-06,0.001851,0.8624
1.832e-05,0.001962,0.5845
3.757e-06,0.002162,0.8158
1.718e-05,0.002264,0.5961
2.844e-05,0.002053,0.531
1.039e-05,0.001796,0.6596
1.757e-05,0.002148,0.5939
3.145e-06,0.001893,0.8297
2.885e-05,0.002421,0.5343
1.486e-05,0.00212,0.6201
9.134e-06,0.001788,0.6686
1.09e-05,0.002237,0.67
4.073e-06,0.002077,0.8017
1.06e-05,0.002106,0.6803
7.841e-06,0.002418,0.7247
7.064e-06,0.001829,0.7029
1.603e-06,0.002046,0.9262
8.592e-06,0.001976,0.6895
1.429e-05,0.002082,0.6184
2.679e-06,0.002602,0.8785
3.229e-06,0.001876,0.8233
5.566e-06,0.00203,0.7588
1.32e-05,0.002236,0.6471
1.678e-05,0.001981,0.6053
1.073e-05,0.002514,0.6772
6.924e-06,0.00189,0.705
7.554e-06,0.00217,0.7166
1.035e-05,0.001726,0.647
1.788e-05,0.002052,0.5922
1.473e-05,0.002159,0.6169
7.919e-06,0.00229,0.7091
6.44e-06,0.002286,0.7465
4.886e-06,0.002059,0.7735
5.166e-06,0.00202,0.7756
1.304e-05,0.00212,0.6382
2.796e-06,0.002218,0.869
6.094e-06,0.002041,0.7487
9.361e-06,0.002083,0.6907
9.122e-06,0.001932,0.6812
3.02e-05,0.001702,0.5
5.785e-06,0.002151,0.7629
6.008e-06,0.001762,0.7424
1.329e-05,0.001857,0.6163
1.731e-05,0.00204,0.5918
9.209e-06,0.001648,0.6606
8.981e-06,0.001886,0.6644
2.925e-06,0.002317,0.8517
2.702e-05,0.002028,0.5242
2.82e-06,0.00243,0.8854
8.021e-06,0.001955,0.7002
8.355e-06,0.001945,0.6909
4.134e-06,0.001926,0.7919
7.269e-06,0.002504,0.745
1.725e-05,0.00206,0.5946
6.192e-06,0.002079,0.7393
7.257e-06,0.002451,0.7335
5.711e-06,0.002369,0.7621
1.471e-05,0.002125,0.6207
9.282e-06,0.001745,0.6719
9.952e-06,0.002032,0.6743
5.981e-06,0.001643,0.7262
1.128e-05,0.002157,0.6744
8.86e-06,0.002379,0.6941
6.911e-06,0.002074,0.7365
3.883e-06,0.001989,0.814
6.306e-06,0.002331,0.7548
5.647e-06,0.001854,0.737
9.448e-06,0.001855,0.6657
1.015e-05,0.002166,0.6902
2.396e-06,0.001711,0.8536
3.665e-05,0.002601,0.5071
5.419e-06,0.001824,0.7497
1.349e-05,0.002148,0.628
1.779e-05,0.002081,0.5836
5.095e-06,0.002243,0.7787
1.95e-05,0.002046,0.5742
2.113e-05,0.002446,0.5951
1.993e-05,0.002297,0.5781
5.363e-06,0.001869,0.7502
3.934e-06,0.001889,0.7911
5.092e-06,0.002012,0.7635
2.826e-05,0.001754,0.5
1.064e-05,0.002113,0.6635
8.203e-06,0.001808,0.6845
1.027e-05,0.001903,0.6657
3.075e-06,0.001944,0.8267
2.996e-05,0.002218,0.5274
8.962e-06,0.002062,0.7022
4.226e-06,0.001682,0.7747
3.39e-06,0.002039,0.822
5.715e-06,0.001983,0.749
6.928e-06,0.002033,0.7281
7.707e-06,0.002104,0.7176
9.273e-06,0.001941,0.6782
7.795e-06,0.002244,0.7123
1.636e-05,0.002242,0.6053
7.055e-06,0.001935,0.7186
8.752e-06,0.001889,0.6919
4.887e-06,0.002535,0.7925
4.565e-06,0.002092,0.7668
1.304e-05,0.00194,0.6289
2.343e-05,0.002433,0.573
1.204e-05,0.001994,0.6451
5.157e-06,0.002364,0.7706
2.073e-05,0.002071,0.5711
1.058e-05,0.002334,0.684
6.752e-06,0.002199,0.74
1.736e-05,0.002047,0.5886
1.139e-05,0.002066,0.6408
3.032e-06,0.001997,0.8328
7.787e-06,0.00196,0.7084
1.461e-05,0.002051,0.6205
3.261e-06,0.002101,0.8298
2.457e-05,0.002063,0.5404
9.683e-06,0.002113,0.6819
5.54e-06,0.002173,0.7674
5.188e-06,0.002311,0.7608
1.053e-05,0.002068,0.6559
2.851e-06,0.002021,0.853
9.534e-06,0.00214,0.6822
4.624e-06,0.001874,0.7703
4.104e-06,0.002004,0.7846
1.605e-05,0.001855,0.6039
1.242e-05,0.002683,0.6689
6.431e-06,0.002285,0.7427
1.097e-05,0.002052,0.6626
5.585e-06,0.002313,0.7588
1.323e-05,0.002299,0.6384
1.72e-06,0.001845,0.8967
1.356e-05,0.001914,0.629
7.948e-06,0.002526,0.7286
1.978e-05,0.001959,0.5768
7.049e-06,0.001874,0.7075
8.08e-06,0.001714,0.6874
6.616e-06,0.002151,0.7336
1.276e-05,0.00197,0.6329
1.77e-05,0.002345,0.6113
2.991e-06,0.002099,0.8483
1.821e-06,0.002261,0.9281
1.183e-05,0.002625,0.6642
7.198e-06,0.001902,0.7246
7.12e-06,0.001874,0.7173
2.882e-06,0.001834,0.8438
2.54e-05,0.001953,0.5319
1.414e-05,0.002438,0.6478
1.144e-05,0.001844,0.6434
5.465e-06,0.002446,0.774
4.779e-06,0.001809,0.7589
1.418e-05,0.002082,0.612
8.025e-06,0.002671,0.7178
4.153e-06,0.001916,0.7906
2.517e-06,0.001814,0.8577
6.376e-06,0.002079,0.7375
1.666e-05,0.001973,0.6012
6.17e-06,0.001825,0.7409
4.73e-06,0.002439,0.7935
4.421e-06,0.002312,0.7983
2.882e-05,0.002032,0.5097
1.606e-05,0.001957,0.6012
7.894e-06,0.001879,0.7004
1.803e-05,0.002151,0.5832
4.965e-06,0.001928,0.7702
2.594e-05,0.001714,0.5
7.975e-06,0.002748,0.7292
4.041e-06,0.00209,0.7989
5.539e-06,0.001873,0.7482
7.623e-06,0.002,0.7105
5.059e-06,0.002254,0.7758
4.715e-06,0.001556,0.743
1.823e-05,0.002367,0.5999
4.667e-06,0.002594,0.8131
1.815e-05,0.002455,0.6142
1.195e-05,0.002188,0.6627
1.344e-05,0.002289,0.6406
1.175e-05,0.002165,0.6679
2.08e-05,0.002173,0.5607
9.649e-06,0.002331,0.6952
6.89e-06,0.001819,0.6987
2.471e-06,0.002265,0.8835
1.002e-05,0.001971,0.6638
1.589e-05,0.002059,0.6051
2.923e-05,0.001899,0.5
5.774e-06,0.002386,0.7633
1.08e-05,0.002116,0.6637
3.329e-06,0.001999,0.8235
6.363e-06,0.002483,0.7571
3.348e-05,0.002128,0.5043
1.107e-05,0.002177,0.6673
1.141e-05,0.002392,0.675
6.065e-06,0.001782,0.7306
9.729e-06,0.00183,0.6589
2.842e-05,0.002219,0.5319
7.056e-06,0.002108,0.7248
1.34e-05,0.00163,0.6105
2.515e-06,0.001975,0.8591
4.995e-06,0.002436,0.7918
7.3e-06,0.001969,0.7118
2.705e-05,0.002014,0.5252
1.173e-05,0.001954,0.6328
5.573e-06,0.001919,0.7582
9.083e-06,0.001778,0.6822
1.263e-05,0.001988,0.64
3.18e-05,0.002517,0.5238
1.623e-05,0.001863,0.5907
6.255e-06,0.002141,0.7473
1.193e-05,0.002309,0.66
5.28e-06,0.002095,0.7689
1.477e-05,0.002246,0.6282
1.551e-05,0.00241,0.6244
1.13e-05,0.002262,0.6535
6.195e-06,0.002073,0.728
7.047e-06,0.001849,0.7271
7.123e-06,0.001978,0.7147
5.678e-06,0.001745,0.7371
1.446e-05,0.001993,0.6124
8.606e-06,0.002122,0.7004
1.324e-05,0.0018,0.6147
6.016e-06,0.00272,0.7791
1.101e-05,0.00229,0.6691
1.129e-06,0.001856,0.9678
9.987e-06,0.002129,0.6795
6.449e-06,0.001874,0.7377
6.866e-06,0.002407,0.7403
3.342e-06,0.001721,0.8139
2.103e-05,0.002293,0.5801
7.482e-06,0.001843,0.699
1.523e-05,0.002256,0.6192
2.989e-06,0.001756,0.8244
4.559e-06,0.001822,0.7754
3.474e-06,0.001947,0.8182
5.615e-06,0.001993,0.7512
6.591e-06,0.002001,0.7339
7.239e-06,0.001785,0.7023
9.459e-06,0.002115,0.6901
4.572e-06,0.002103,0.7792
4.385e-06,0.002081,0.7955
6.917e-06,0.001941,0.7177
