Kon (pM^-n)*s^-1,Koff (s^-1),n
9.36e-06,0.0002433,1.031
8.363e-06,0.0002229,1.054
9.294e-06,0.0002276,1.036
1.191e-05,0.0002481,0.9931
1.01e-05,0.0002438,1.023
1.265e-05,0.0002372,0.9758
1.24e-05,0.0002799,0.9842
7.259e-06,0.0002351,1.081
9.306e-06,0.000257,1.036
9.74e-06,0.0002462,1.037
9.386e-06,0.0002367,1.04
6.877e-06,0.0002271,1.078
7.309e-06,0.000226,1.078
8.973e-06,0.0002363,1.041
8.649e-06,0.0002315,1.051
1.041e-05,0.0002573,1.014
8.594e-06,0.0002194,1.053
8.459e-06,0.0002385,1.051
1.485e-05,0.0002464,0.9541
1.056e-05,0.0002639,1.013
1.049e-05,0.000263,1.026
1.006e-05,0.0002238,1.036
1.094e-05,0.0002382,1.002
1.271e-05,0.0002402,0.975
1.194e-05,0.000243,1.003
1.064e-05,0.000247,1.01
1.057e-05,0.0002402,1.013
1.08e-05,0.0002456,0.9974
8.361e-06,0.0002286,1.066
8.582e-06,0.0002491,1.045
9.674e-06,0.0002539,1.029
1.186e-05,0.0002791,1.004
8.161e-06,0.0002537,1.068
1.084e-05,0.0002519,1.012
9.502e-06,0.0002599,1.035
1.138e-05,0.0002714,1.012
8.767e-06,0.00024,1.046
9.044e-06,0.0002518,1.049
1.039e-05,0.00026,1.025
8.923e-06,0.0002335,1.062
9.688e-06,0.000243,1.031
1.146e-05,0.0002537,1.003
6.886e-06,0.0002343,1.081
1.16e-05,0.0002763,0.9989
6.451e-06,0.0002167,1.096
1.186e-05,0.0002466,0.993
9.334e-06,0.000246,1.035
8.482e-06,0.0002406,1.051
1.255e-05,0.0002442,0.9873
1.184e-05,0.000238,0.9958
9.43e-06,0.0002398,1.028
1.084e-05,0.0002341,1.015
1.003e-05,0.0002665,1.025
1.394e-05,0.0002245,0.9637
1.283e-05,0.0002257,0.9793
9.875e-06,0.0002386,1.029
7.744e-06,0.000242,1.072
1.067e-05,0.0002713,1.003
1.106e-05,0.0002385,1.003
8.552e-06,0.0002338,1.052
8.971e-06,0.0002271,1.045
1e-05,0.0002487,1.026
8.725e-06,0.000248,1.041
8.817e-06,0.000252,1.057
9.81e-06,0.0002231,1.033
9.04e-06,0.0002536,1.051
6.814e-06,0.0002457,1.101
8.856e-06,0.0002314,1.044
7.187e-06,0.0002554,1.088
7.669e-06,0.0002583,1.075
6.978e-06,0.000234,1.067
1.426e-05,0.0002519,0.9591
9.268e-06,0.0002556,1.028
1.164e-05,0.0002433,0.9978
7.811e-06,0.0002465,1.065
8.72e-06,0.0002322,1.048
9.768e-06,0.0002621,1.035
1.074e-05,0.0002534,1.016
1.337e-05,0.0002653,0.9906
1.459e-05,0.0002428,0.9628
8.14e-06,0.0002309,1.054
9.412e-06,0.000242,1.032
1.013e-05,0.0002435,1.014
1.164e-05,0.0002623,0.9946
1.224e-05,0.0002409,0.9855
9.871e-06,0.0002515,1.023
9.194e-06,0.0002431,1.043
1.175e-05,0.0002673,1.001
1.173e-05,0.0002588,1.004
1.283e-05,0.0002764,0.9847
8.061e-06,0.0002249,1.069
9.048e-06,0.0002632,1.044
9.817e-06,0.0002338,1.022
1.062e-05,0.0002365,1.011
1.191e-05,0.0002568,0.9989
8.555e-06,0.000245,1.054
7.1e-06,0.0002254,1.08
9.201e-06,0.0002495,1.046
8.818e-06,0.0002289,1.054
1.366e-05,0.0002568,0.9672
1.435e-05,0.0002583,0.9678
1.062e-05,0.0002313,1.019
8.324e-06,0.0002317,1.048
8.441e-06,0.0002351,1.055
1.027e-05,0.000253,1.03
1.261e-05,0.0002633,0.9793
1.248e-05,0.000243,0.9888
8.577e-06,0.0002372,1.06
1.045e-05,0.0002349,1.016
7.395e-06,0.0002509,1.077
9.251e-06,0.0002343,1.035
1.235e-05,0.0002451,0.9826
1.077e-05,0.0002396,1.01
1.122e-05,0.0002397,0.9997
9.757e-06,0.0002423,1.03
9.534e-06,0.0002336,1.036
1.38e-05,0.0002578,0.9784
9.203e-06,0.0002259,1.045
8.799e-06,0.0002353,1.046
1.036e-05,0.0002744,1.012
1.125e-05,0.0002529,1.01
9.539e-06,0.0002348,1.034
1.101e-05,0.0002532,1.005
9.846e-06,0.0002586,1.032
8.617e-06,0.0002716,1.06
1.142e-05,0.0002421,1.002
8.497e-06,0.0002426,1.052
1.372e-05,0.0002508,0.9676
1.054e-05,0.0002437,1.022
8.124e-06,0.0002394,1.066
9.971e-06,0.0002399,1.019
1.399e-05,0.0002495,0.9715
1.038e-05,0.0002655,1.024
1.006e-05,0.0002459,1.024
1.028e-05,0.0002518,1.024
8.717e-06,0.0002446,1.048
1.42e-05,0.0002659,0.971
8.903e-06,0.0002491,1.045
8.581e-06,0.0002393,1.057
8.865e-06,0.0002442,1.049
8.708e-06,0.0002467,1.061
9.744e-06,0.0002424,1.03
8.705e-06,0.0002418,1.048
1.063e-05,0.00025,1.017
7.725e-06,0.0002412,1.068
9.896e-06,0.0002413,1.025
1.078e-05,0.0002583,1.013
1.074e-05,0.0002422,1.022
1.16e-05,0.0002474,1.004
8.915e-06,0.0002467,1.047
9.002e-06,0.0002576,1.039
1.11e-05,0.0002456,1.005
9.635e-06,0.0002402,1.029
8.446e-06,0.0002525,1.043
1.131e-05,0.0002459,0.9935
1.051e-05,0.0002614,1.013
1.048e-05,0.0002311,1.012
9.849e-06,0.0002454,1.024
1.05e-05,0.0002412,1.014
1.063e-05,0.0002464,1.019
8.374e-06,0.000231,1.069
8.529e-06,0.0002569,1.05
1.04e-05,0.0002574,1.011
1.281e-05,0.0002457,0.98
1.429e-05,0.0002385,0.9624
1.157e-05,0.0002561,1.009
1.24e-05,0.0002649,0.9953
1.171e-05,0.0002458,1.004
1.031e-05,0.0002592,1.023
1.179e-05,0.0002485,0.9906
1.139e-05,0.000244,1
1.172e-05,0.0002796,0.9993
7.849e-06,0.0002407,1.055
1.131e-05,0.0002651,1.002
9.183e-06,0.00025,1.044
1.141e-05,0.0002614,0.9997
1.098e-05,0.0002483,1
8.654e-06,0.0002355,1.061
7.534e-06,0.0002253,1.067
9.831e-06,0.0002495,1.019
9.007e-06,0.000259,1.046
1.03e-05,0.0002597,1.023
8.265e-06,0.0002527,1.06
9.586e-06,0.000256,1.03
8.77e-06,0.0002538,1.038
1.073e-05,0.0002529,1.012
1.146e-05,0.0002384,0.9978
1.133e-05,0.0002566,1.002
1.166e-05,0.000234,0.9979
1.264e-05,0.0002603,0.9852
8.684e-06,0.0002339,1.048
1.118e-05,0.0002676,1.011
9.964e-06,0.0002589,1.014
1.177e-05,0.0002448,0.9998
1.004e-05,0.0002377,1.031
1.126e-05,0.000255,0.9982
1.006e-05,0.000244,1.021
9.853e-06,0.0002499,1.04
1.262e-05,0.0002723,0.9821
1.094e-05,0.000258,1.01
1.039e-05,0.0002488,1.015
8.485e-06,0.0002414,1.051
8.9e-06,0.0002423,1.041
8.774e-06,0.0002408,1.051
9.323e-06,0.0002402,1.054
8.77e-06,0.0002425,1.043
1.056e-05,0.0002371,1.011
1.119e-05,0.0002585,1.007
9.473e-06,0.0002427,1.033
1.116e-05,0.0002333,0.9991
1.173e-05,0.0002597,1.003
1.006e-05,0.0002486,1.031
1.089e-05,0.0002572,1.015
1.475e-05,0.0002455,0.9574
8.935e-06,0.0002374,1.043
9.755e-06,0.0002642,1.024
1.008e-05,0.000238,1.005
8.285e-06,0.0002502,1.049
1.222e-05,0.0002531,0.9862
1.129e-05,0.0002564,1.017
9.766e-06,0.0002357,1.026
1.053e-05,0.0002407,1.009
9.704e-06,0.0002527,1.04
6.775e-06,0.0002471,1.087
8.369e-06,0.0002308,1.051
1.17e-05,0.000269,0.9981
9.666e-06,0.00024,1.046
1.161e-05,0.0002499,0.9973
9.293e-06,0.0002419,1.034
9.181e-06,0.0002731,1.051
1.043e-05,0.0002327,1.019
1.072e-05,0.0002357,1.005
9.086e-06,0.000236,1.032
9.494e-06,0.0002509,1.036
9.369e-06,0.0002516,1.04
1.162e-05,0.0002488,0.9906
9.797e-06,0.0002448,1.027
9.829e-06,0.0002389,1.036
1.046e-05,0.0002386,1.02
7.844e-06,0.0002295,1.057
1.204e-05,0.0002381,0.9883
9.756e-06,0.0002406,1.024
8.42e-06,0.0002264,1.056
9.359e-06,0.0002364,1.036
1.237e-05,0.0002382,0.9877
9.212e-06,0.0002443,1.05
8.393e-06,0.0002571,1.047
7.882e-06,0.0002432,1.071
9.362e-06,0.0002403,1.036
1.171e-05,0.0002329,0.9938
8.18e-06,0.0002333,1.06
9.448e-06,0.0002642,1.039
1.141e-05,0.0002442,0.9958
7.751e-06,0.0002345,1.073
7.663e-06,0.0002608,1.063
1.1e-05,0.0002419,1.002
7.979e-06,0.0002745,1.059
1.143e-05,0.0002515,1.018
1.215e-05,0.0002546,0.9997
8.261e-06,0.0002506,1.055
9.929e-06,0.0002379,1.019
8.365e-06,0.0002437,1.056
1.023e-05,0.0002678,1.033
7.471e-06,0.0002418,1.082
1.149e-05,0.0002607,1.005
1.034e-05,0.0002559,1.014
9.395e-06,0.000256,1.033
7.889e-06,0.0002482,1.064
8.272e-06,0.0002437,1.066
8.229e-06,0.0002685,1.062
9.871e-06,0.0002243,1.031
9.742e-06,0.000257,1.032
1.151e-05,0.000246,1.011
8.398e-06,0.0002299,1.051
1.108e-05,0.0002356,1.014
1.101e-05,0.0002535,1.006
9.084e-06,0.0002567,1.044
1.374e-05,0.0002553,0.9758
1.148e-05,0.0002446,1.007
1.065e-05,0.0002452,1.025
9.726e-06,0.0002385,1.018
1.256e-05,0.0002397,0.9824
1.044e-05,0.0002551,1.017
8.477e-06,0.0002408,1.041
1.354e-05,0.0002754,0.9672
8.103e-06,0.0002424,1.056
1.109e-05,0.0002667,0.9938
7.38e-06,0.0002502,1.072
1.074e-05,0.0002454,1.015
9.34e-06,0.0002556,1.035
9.842e-06,0.0002565,1.031
7.488e-06,0.0002182,1.07
6.465e-06,0.0002499,1.107
5.726e-06,0.0002569,1.125
1.011e-05,0.0002502,1.016
1.354e-05,0.0002712,0.978
9.872e-06,0.0002738,1.026
1.294e-05,0.0002554,0.9877
7.956e-06,0.0002379,1.06
1.088e-05,0.0002468,1.006
1.248e-05,0.0002446,0.9815
9.642e-06,0.0002475,1.02
7.073e-06,0.0002363,1.087
1.229e-05,0.0002593,0.9931
1.026e-05,0.0002512,1.014
1.006e-05,0.0002548,1.024
1.148e-05,0.0002589,0.99
9.422e-06,0.0002418,1.037
8.481e-06,0.0002561,1.052
1.147e-05,0.0002462,1.006
9.219e-06,0.0002388,1.037
8.837e-06,0.0002445,1.047
1.18e-05,0.0002569,0.9907
1.037e-05,0.0002562,1.019
1.083e-05,0.0002697,1.008
8.688e-06,0.0002297,1.045
9.75e-06,0.000259,1.02
9.661e-06,0.000266,1.031
1.124e-05,0.0002405,0.9915
1.112e-05,0.0002672,1.007
8.407e-06,0.0002394,1.054
1.128e-05,0.0002344,1.005
1.246e-05,0.0002521,0.9904
1.369e-05,0.0002408,0.9689
9.914e-06,0.0002613,1.027
9.111e-06,0.0002207,1.037
1.03e-05,0.0002535,1.022
1.353e-05,0.0002668,0.9698
1.142e-05,0.0002514,0.993
9.901e-06,0.0002516,1.038
1.146e-05,0.0002377,0.9916
1.147e-05,0.0002432,0.9972
1.275e-05,0.0002601,0.9924
8.959e-06,0.0002245,1.041
5.184e-06,0.0002229,1.141
1.244e-05,0.000251,0.9871
1.095e-05,0.00024,1.016
1.131e-05,0.0002423,1.005
9.423e-06,0.0002459,1.029
8.197e-06,0.000246,1.061
8.885e-06,0.000271,1.043
1.057e-05,0.0002274,1.014
7.826e-06,0.0002327,1.067
1.155e-05,0.0002451,0.9985
8.92e-06,0.0002661,1.053
1.106e-05,0.0002438,1.015
1.54e-05,0.0002562,0.9452
1.157e-05,0.000258,0.9995
9.228e-06,0.0002348,1.04
7.783e-06,0.0002229,1.061
1.307e-05,0.0002406,0.9785
1.095e-05,0.000253,1.009
1.031e-05,0.0002535,1.026
7.893e-06,0.000227,1.072
1.159e-05,0.000276,0.9903
9.119e-06,0.0002171,1.035
9.249e-06,0.0002437,1.044
9.878e-06,0.0002345,1.021
1.015e-05,0.0002456,1.017
8.583e-06,0.0002669,1.063
9.608e-06,0.0002522,1.032
1.32e-05,0.0002529,0.9727
1.356e-05,0.0002501,0.9653
1.331e-05,0.000261,0.9733
1.328e-05,0.0002372,0.9888
8.951e-06,0.0002256,1.042
8.913e-06,0.0002616,1.049
1.031e-05,0.0002423,1.015
9.715e-06,0.0002358,1.036
8.233e-06,0.0002423,1.059
8.371e-06,0.0002507,1.05
1.076e-05,0.0002675,1.007
9.7e-06,0.0002832,1.033
1.063e-05,0.0002486,1.004
9.247e-06,0.000228,1.04
7.415e-06,0.0002195,1.071
9.456e-06,0.0002697,1.044
1.03e-05,0.0002385,1.013
1.038e-05,0.0002359,1.017
1.166e-05,0.0002561,1.001
1.126e-05,0.0002452,1
8.633e-06,0.0002388,1.052
8.822e-06,0.0002683,1.047
7.372e-06,0.0002395,1.071
1.303e-05,0.0002398,0.9799
1.04e-05,0.000255,1.02
1.054e-05,0.000261,1.017
9.463e-06,0.000244,1.037
1.202e-05,0.0002326,0.9957
8.521e-06,0.0002291,1.048
8.865e-06,0.0002386,1.04
1.155e-05,0.0002617,1.004
1.119e-05,0.0002604,1.009
8.973e-06,0.0002394,1.046
9.503e-06,0.0002326,1.043
1.039e-05,0.0002314,1.019
8.499e-06,0.0002424,1.05
9.268e-06,0.0002583,1.037
9.261e-06,0.0002518,1.029
8.288e-06,0.0002415,1.046
1.093e-05,0.0002514,1.011
7.884e-06,0.0002498,1.064
1.262e-05,0.0002562,0.9955
1.101e-05,0.0002451,1.01
1.033e-05,0.0002507,1.023
1.062e-05,0.0002375,1.009
1.074e-05,0.0002685,1.015
7.689e-06,0.0002305,1.078
9.68e-06,0.0002398,1.034
8.87e-06,0.0002283,1.043
7.809e-06,0.0002391,1.07
7.301e-06,0.0002358,1.079
8.128e-06,0.0002332,1.059
7.989e-06,0.0002491,1.061
9.969e-06,0.0002346,1.028
1.132e-05,0.0002416,1.002
9.571e-06,0.0002427,1.052
1.093e-05,0.0002476,1.005
9.629e-06,0.0002466,1.038
1.313e-05,0.0002595,0.9696
1.059e-05,0.000236,1.019
8.845e-06,0.0002484,1.05
1.119e-05,0.0002454,1.006
6.083e-06,0.0002472,1.102
1.185e-05,0.0002467,0.9933
1.007e-05,0.000235,1.023
9.152e-06,0.0002446,1.048
1.058e-05,0.0002567,1.012
1.118e-05,0.0002415,1.01
9.573e-06,0.0002381,1.019
9.14e-06,0.0002534,1.045
8.416e-06,0.0002409,1.05
9.271e-06,0.000256,1.036
1.007e-05,0.0002394,1.02
8.571e-06,0.0002412,1.044
1.166e-05,0.0002275,1.001
1.182e-05,0.0002633,1.01
8.445e-06,0.0002422,1.059
9.745e-06,0.0002665,1.04
1.101e-05,0.0002452,1.005
6.958e-06,0.0002473,1.085
8.183e-06,0.0002414,1.059
1.237e-05,0.0002554,0.9801
1.135e-05,0.000257,1
9.145e-06,0.000243,1.046
9.601e-06,0.0002454,1.027
9.945e-06,0.0002552,1.021
1.227e-05,0.000241,0.9882
7.994e-06,0.0002384,1.065
8.312e-06,0.0002396,1.06
8.763e-06,0.0002421,1.042
1.366e-05,0.0002492,0.972
1.226e-05,0.000248,0.9943
8.883e-06,0.0002428,1.044
9.639e-06,0.0002662,1.03
9.931e-06,0.0002305,1.015
9.265e-06,0.0002623,1.038
8.657e-06,0.0002469,1.051
9.662e-06,0.0002424,1.022
1.001e-05,0.0002611,1.019
1.019e-05,0.0002496,1.03
1.149e-05,0.0002517,0.9972
9.985e-06,0.0002524,1.024
1.044e-05,0.0002454,1.001
1.167e-05,0.0002561,1.004
1.393e-05,0.0002506,0.9707
1.074e-05,0.0002486,1.01
1.128e-05,0.0002396,1.01
1.024e-05,0.0002631,1.021
8.828e-06,0.0002346,1.043
8.289e-06,0.0002474,1.058
8.736e-06,0.0002351,1.044
8.993e-06,0.000251,1.048
1.317e-05,0.000246,0.9732
1.015e-05,0.0002433,1.02
8.481e-06,0.0002538,1.055
1.234e-05,0.0002613,0.9883
1.005e-05,0.0002297,1.013
8.197e-06,0.0002386,1.067
1.138e-05,0.0002377,1.002
1.086e-05,0.0002792,1.008
8.08e-06,0.0002461,1.064
9.597e-06,0.0002595,1.027
1.177e-05,0.0002491,0.9887
9.555e-06,0.0002355,1.039
8.134e-06,0.0002459,1.073
9.057e-06,0.0002467,1.041
8.778e-06,0.0002798,1.064
1.087e-05,0.0002394,1.01
1.171e-05,0.0002405,0.9999
8.693e-06,0.0002393,1.044
9.968e-06,0.0002634,1.015
1.025e-05,0.0002486,1.022
1.228e-05,0.0002767,0.9866
8.861e-06,0.0002473,1.05
1.178e-05,0.0002587,0.9983
1.127e-05,0.0002551,1.007
1.057e-05,0.0002629,1.013
1.192e-05,0.0002456,0.9955
6.962e-06,0.0002351,1.087
1.123e-05,0.0002411,1.012
8.672e-06,0.0002498,1.056
1.157e-05,0.0002473,1.006
8.812e-06,0.0002398,1.048
1.021e-05,0.000255,1.003
1.05e-05,0.0002427,1.007
1.086e-05,0.0002349,1.012
1.032e-05,0.0002734,1.015
1.055e-05,0.0002642,1.01
1.106e-05,0.0002496,1.001
7.712e-06,0.000246,1.064
1.126e-05,0.0002514,1.005
1.044e-05,0.0002396,1.022
9.202e-06,0.0002462,1.037
7.966e-06,0.0002491,1.065
9.862e-06,0.0002428,1.032
9.713e-06,0.0002531,1.031
1.142e-05,0.0002587,1.003
1.157e-05,0.000248,0.9959
7.779e-06,0.00023,1.077
9.422e-06,0.0002573,1.032
1.211e-05,0.0002302,0.993
7.208e-06,0.0002442,1.074
7.831e-06,0.0002357,1.064
1.411e-05,0.0002585,0.9507
6.199e-06,0.0002245,1.107
9.279e-06,0.000233,1.028
1.025e-05,0.000235,1.026
1.079e-05,0.0002434,1.006
1.059e-05,0.0002408,1.024
1.066e-05,0.0002491,1.006
1.015e-05,0.0002486,1.024
1.244e-05,0.000263,0.9939
9.434e-06,0.000259,1.043
7.188e-06,0.0002375,1.081
8.895e-06,0.0002339,1.045
1.16e-05,0.0002429,0.9966
1.026e-05,0.0002518,1.02
1.268e-05,0.000253,0.9938
9.8e-06,0.0002589,1.035
1.237e-05,0.0002329,0.9806
8.218e-06,0.0002675,1.062
7.614e-06,0.0002334,1.068
1.189e-05,0.000245,1.001
7.261e-06,0.0002616,1.088
8.372e-06,0.0002639,1.052
9.011e-06,0.0002266,1.039
1.134e-05,0.0002631,1.003
1.126e-05,0.0002487,1.007
8.176e-06,0.0002569,1.058
1.347e-05,0.0002652,0.9781
8.92e-06,0.0002576,1.047
8.99e-06,0.0002316,1.045
9.015e-06,0.0002412,1.051
9.765e-06,0.0002314,1.025
9.88e-06,0.0002374,1.028
1.226e-05,0.0002502,0.9877
1.348e-05,0.0002434,0.96
7.633e-06,0.0002443,1.084
1.158e-05,0.000245,1.005
7.141e-06,0.000225,1.08
8.956e-06,0.0002461,1.044
9.095e-06,0.0002431,1.038
1.106e-05,0.0002507,1.012
9.834e-06,0.0002494,1.03
8.79e-06,0.0002436,1.046
1.008e-05,0.0002409,1.026
1.124e-05,0.0002268,1.011
1.049e-05,0.0002645,1.012
8.344e-06,0.000219,1.051
8.408e-06,0.0002605,1.06
7.654e-06,0.0002374,1.068
9.322e-06,0.0002257,1.032
9.913e-06,0.0002532,1.027
6.784e-06,0.0002382,1.082
8.846e-06,0.0002474,1.043
8.029e-06,0.0002375,1.056
1.071e-05,0.0002483,1.035
9.554e-06,0.0002384,1.027
1.224e-05,0.0002589,0.992
1.068e-05,0.0002553,1.013
9.924e-06,0.0002296,1.029
1.218e-05,0.0002365,0.9944
1.061e-05,0.0002502,1.016
9.817e-06,0.0002358,1.028
7.321e-06,0.0002515,1.081
1.216e-05,0.0002422,0.9919
7.222e-06,0.000248,1.076
1.092e-05,0.000261,1.013
9.536e-06,0.0002583,1.025
1.177e-05,0.0002483,0.993
1.023e-05,0.0002557,1.027
1.154e-05,0.0002472,0.998
9.75e-06,0.0002544,1.022
1.221e-05,0.0002444,0.9924
1.125e-05,0.0002507,0.9959
1.037e-05,0.0002388,1.02
9.959e-06,0.000232,1.026
1.069e-05,0.0002549,1.015
9.731e-06,0.0002378,1.021
9.519e-06,0.0002501,1.021
8.551e-06,0.0002423,1.038
1.293e-05,0.0002529,0.983
9.989e-06,0.0002543,1.029
8.975e-06,0.0002668,1.039
1.521e-05,0.0002469,0.9557
1.025e-05,0.0002356,1.02
1.117e-05,0.0002389,1.006
9.946e-06,0.0002524,1.042
8.156e-06,0.0002453,1.057
9.909e-06,0.0002512,1.029
9.345e-06,0.0002402,1.047
1.123e-05,0.0002525,1.012
9.008e-06,0.0002287,1.042
9.754e-06,0.0002479,1.019
9.988e-06,0.0002358,1.026
7.308e-06,0.000265,1.085
1.311e-05,0.0002499,0.9795
8.054e-06,0.0002265,1.064
9.216e-06,0.0002287,1.028
1.269e-05,0.0002644,0.9863
8.991e-06,0.0002366,1.041
1.052e-05,0.0002358,1.013
9.152e-06,0.0002459,1.038
1.071e-05,0.0002476,1.011
8.751e-06,0.0002441,1.049
1.113e-05,0.0002422,1.007
8.413e-06,0.0002274,1.05
9.824e-06,0.0002521,1.034
9.112e-06,0.0002529,1.044
9.472e-06,0.0002388,1.027
8.462e-06,0.0002234,1.048
1.287e-05,0.0002507,0.9911
8.715e-06,0.000237,1.054
1.109e-05,0.0002379,1.007
1.096e-05,0.0002462,1.005
1.152e-05,0.0002405,1.001
1.085e-05,0.0002416,0.9989
7.154e-06,0.0002464,1.073
1.182e-05,0.0002405,0.9893
9.745e-06,0.0002651,1.032
9.516e-06,0.0002363,1.026
1.252e-05,0.0002807,0.9927
6.507e-06,0.0002388,1.093
1.212e-05,0.0002538,0.9887
9.929e-06,0.0002511,1.029
9.211e-06,0.0002231,1.041
1.053e-05,0.0002486,1.016
1.126e-05,0.0002646,0.9954
9.563e-06,0.0002532,1.037
9.924e-06,0.0002403,1.031
1.079e-05,0.0002375,1.012
7.184e-06,0.0002509,1.086
9.806e-06,0.0002395,1.028
1.232e-05,0.0002366,0.9853
7.887e-06,0.0002518,1.071
1.296e-05,0.0002741,0.983
1.19e-05,0.0002492,1.01
1.296e-05,0.0002547,0.9894
8.492e-06,0.0002541,1.052
1.178e-05,0.0002664,1.004
8.763e-06,0.0002481,1.044
8.391e-06,0.0002724,1.066
1.047e-05,0.0002452,1.018
1.114e-05,0.0002371,1.011
8.522e-06,0.0002262,1.048
1.075e-05,0.0002308,1.005
1.105e-05,0.0002341,0.9993
1.416e-05,0.0002573,0.9767
7.993e-06,0.0002303,1.063
1.09e-05,0.0002432,1.008
9.391e-06,0.0002401,1.03
1.261e-05,0.0002809,0.9767
7.636e-06,0.0002463,1.067
1.084e-05,0.0002447,1.009
8.084e-06,0.0002437,1.064
8.944e-06,0.0002353,1.047
8.66e-06,0.000257,1.045
9.575e-06,0.0002306,1.036
7.544e-06,0.000259,1.061
7.834e-06,0.0002427,1.064
8.109e-06,0.0002474,1.058
8.822e-06,0.0002754,1.046
8.704e-06,0.0002443,1.041
1.03e-05,0.000247,1.017
1.025e-05,0.0002466,1.014
1.186e-05,0.0002407,0.9818
9.032e-06,0.0002307,1.035
7.936e-06,0.0002477,1.073
8.517e-06,0.0002339,1.044
8.249e-06,0.0002421,1.045
1.27e-05,0.0002531,0.9858
1.236e-05,0.0002278,0.9972
9.938e-06,0.0002509,1.026
8.676e-06,0.0002458,1.038
1.138e-05,0.0002441,0.9906
1.306e-05,0.0002471,0.9706
1.013e-05,0.0002454,1.021
9.741e-06,0.0002408,1.032
8.692e-06,0.0002356,1.041
1.399e-05,0.0002403,0.9665
1.161e-05,0.0002307,0.9875
7.837e-06,0.0002315,1.079
8.713e-06,0.0002439,1.049
1.173e-05,0.0002502,0.997
1.106e-05,0.0002529,1.003
1.2e-05,0.000276,0.9989
8.362e-06,0.0002422,1.058
9.251e-06,0.0002628,1.039
1.18e-05,0.0002679,0.992
9.748e-06,0.0002441,1.029
1.044e-05,0.0002384,1.007
9.443e-06,0.0002529,1.048
1.043e-05,0.0002427,1.012
1.091e-05,0.0002478,1.005
9.996e-06,0.0002307,1.026
9.549e-06,0.0002426,1.021
1.143e-05,0.0002492,0.9964
9.39e-06,0.0002446,1.039
1.252e-05,0.0002514,0.9979
7.169e-06,0.000236,1.088
1.209e-05,0.0002523,0.9978
1.032e-05,0.0002644,1.012
8.663e-06,0.0002207,1.046
6.387e-06,0.0002596,1.103
1.08e-05,0.0002369,1.017
9.728e-06,0.0002619,1.021
1.054e-05,0.0002402,1.01
7.001e-06,0.0002258,1.089
9.091e-06,0.0002471,1.044
1.083e-05,0.0002345,1.005
9.961e-06,0.0002222,1.018
1.047e-05,0.0002401,1.02
1.095e-05,0.0002497,1.018
9.92e-06,0.0002444,1.02
8.768e-06,0.0002442,1.042
1.027e-05,0.000252,1.021
7.788e-06,0.0002223,1.07
6.275e-06,0.0002289,1.113
8.688e-06,0.0002159,1.057
9.008e-06,0.0002362,1.041
1.188e-05,0.0002463,0.9937
9.244e-06,0.00024,1.036
9.894e-06,0.000242,1.017
1.021e-05,0.000263,1.017
9.442e-06,0.0002452,1.042
6.738e-06,0.0002383,1.093
1.013e-05,0.0002638,1.02
1.25e-05,0.0002417,0.9839
1.274e-05,0.0002303,0.9757
7.314e-06,0.0002478,1.077
9.885e-06,0.0002348,1.032
7.6e-06,0.0002399,1.061
1.293e-05,0.0002612,0.9801
1.075e-05,0.000236,1.016
1.179e-05,0.0002331,0.9864
1.204e-05,0.0002378,0.9961
1.05e-05,0.0002593,1.004
8.322e-06,0.0002506,1.053
9.257e-06,0.0002535,1.034
8.313e-06,0.000247,1.06
7.252e-06,0.0002355,1.086
1.055e-05,0.0002506,1.021
1.019e-05,0.0002395,1.019
7.702e-06,0.0002333,1.074
1.227e-05,0.0002468,0.9834
1.084e-05,0.0002422,1.01
1.277e-05,0.000244,0.9701
8.92e-06,0.0002394,1.051
8.804e-06,0.0002563,1.047
8.042e-06,0.0002523,1.07
8.612e-06,0.0002392,1.042
1.04e-05,0.0002526,1.024
9.694e-06,0.0002413,1.029
1.14e-05,0.0002302,0.9961
1.065e-05,0.000247,1.014
9.654e-06,0.0002498,1.047
6.501e-06,0.0002455,1.101
1.201e-05,0.0002527,1
1.058e-05,0.0002674,1.02
8.15e-06,0.0002713,1.075
6.643e-06,0.0002301,1.09
9.043e-06,0.0002493,1.04
1.085e-05,0.0002376,1.007
8.931e-06,0.0002538,1.044
1.149e-05,0.0002561,1.006
7.702e-06,0.0002303,1.065
7.64e-06,0.0002534,1.069
8.821e-06,0.0002457,1.031
7.846e-06,0.0002355,1.066
9.422e-06,0.0002486,1.026
9.414e-06,0.0002569,1.03
9.856e-06,0.0002457,1.026
1.05e-05,0.0002552,1.018
1.044e-05,0.0002511,1.019
1.1e-05,0.0002463,1.009
1.297e-05,0.0002637,0.9795
1.122e-05,0.0002488,1.007
1.112e-05,0.0002328,1.015
1.204e-05,0.0002718,0.9889
1.231e-05,0.0002406,0.9871
8.026e-06,0.0002234,1.059
9.436e-06,0.0002372,1.03
1.018e-05,0.000246,1.021
1.217e-05,0.0002356,1.003
9.816e-06,0.0002305,1.029
9.366e-06,0.0002436,1.037
8.62e-06,0.0002264,1.055
8.923e-06,0.0002548,1.042
9.922e-06,0.0002406,1.035
9.226e-06,0.0002721,1.038
9.385e-06,0.0002608,1.023
8.779e-06,0.0002455,1.05
8.31e-06,0.0002487,1.06
7.138e-06,0.000243,1.085
1.087e-05,0.0002505,1.006
7.075e-06,0.0002399,1.09
8.395e-06,0.0002469,1.044
9.973e-06,0.0002264,1.024
1.112e-05,0.0002483,0.996
1.005e-05,0.000237,1.031
1.56e-05,0.0002679,0.9563
7.88e-06,0.0002312,1.065
9.068e-06,0.0002413,1.031
1.075e-05,0.0002328,1.008
1.184e-05,0.0002666,0.9955
9.493e-06,0.0002504,1.036
1.073e-05,0.0002451,1.012
1.071e-05,0.000254,1.014
1.155e-05,0.0002392,1.009
8.984e-06,0.0002592,1.05
1.301e-05,0.0002445,0.9837
7.693e-06,0.000237,1.071
8.685e-06,0.0002541,1.052
9.297e-06,0.0002314,1.034
8.741e-06,0.0002435,1.061
8.734e-06,0.0002649,1.041
1.052e-05,0.0002489,1.008
1.049e-05,0.0002544,1.003
1.15e-05,0.0002556,1.002
1.234e-05,0.0002418,0.9961
1.144e-05,0.0002428,1.008
1.213e-05,0.0002463,0.9983
7.899e-06,0.0002288,1.063
1.099e-05,0.0002528,1.019
8.284e-06,0.0002332,1.056
1.276e-05,0.0002478,0.9798
1.031e-05,0.0002345,1.029
8.993e-06,0.0002461,1.053
1.071e-05,0.0002319,1.008
7.024e-06,0.0002321,1.08
1.133e-05,0.00027,1.004
1.178e-05,0.0002571,0.9967
8.356e-06,0.0002452,1.049
9.439e-06,0.0002516,1.036
1.061e-05,0.0002579,1.016
1.278e-05,0.0002588,0.9761
1.168e-05,0.0002405,0.9872
1.071e-05,0.0002321,0.9987
8.817e-06,0.0002418,1.048
9.135e-06,0.0002389,1.04
9.051e-06,0.0002529,1.041
1.142e-05,0.0002541,1.007
1.069e-05,0.0002484,1.005
1.195e-05,0.0002518,0.9924
1.115e-05,0.0002306,0.996
9.242e-06,0.0002488,1.04
1.302e-05,0.0002322,0.9743
9.348e-06,0.0002435,1.034
1.148e-05,0.0002452,0.9936
1.221e-05,0.0002448,0.9878
1.136e-05,0.0002342,1.006
1.279e-05,0.0002504,0.9848
1.091e-05,0.0002508,0.9992
1.069e-05,0.0002343,1.008
6.578e-06,0.0002394,1.095
8.78e-06,0.0002434,1.047
9.388e-06,0.0002466,1.03
1.109e-05,0.0002621,1.005
8.433e-06,0.0002359,1.046
1.053e-05,0.0002634,1.022
1.011e-05,0.0002493,1.024
1.209e-05,0.0002426,0.992
8.582e-06,0.0002654,1.043
7.895e-06,0.0002363,1.063
1.298e-05,0.0002504,0.9859
7.408e-06,0.0002422,1.064
1.01e-05,0.0002713,1.018
1.061e-05,0.0002587,1.024
1.126e-05,0.0002369,1
1.297e-05,0.000236,0.9789
1.014e-05,0.0002488,1.034
9.624e-06,0.0002566,1.041
1.084e-05,0.0002455,0.9992
8.297e-06,0.0002486,1.061
1.055e-05,0.0002491,1.012
1.339e-05,0.0002567,0.9738
1.048e-05,0.0002774,1.014
1.057e-05,0.0002466,1.017
9.757e-06,0.0002455,1.021
1.066e-05,0.0002481,1.014
8.798e-06,0.000252,1.053
7.557e-06,0.0002479,1.071
9.335e-06,0.0002555,1.041
1.17e-05,0.0002533,0.9994
1.07e-05,0.0002373,1.013
1.071e-05,0.0002494,1.018
1.12e-05,0.0002475,1.01
1.381e-05,0.0002584,0.9675
1.288e-05,0.0002396,0.9689
7.228e-06,0.000251,1.083
1.112e-05,0.0002451,1.019
1.288e-05,0.0002479,0.9817
7.978e-06,0.000263,1.057
1.346e-05,0.0002639,0.9741
8.256e-06,0.0002339,1.049
1.09e-05,0.00025,1.015
1.157e-05,0.0002496,0.9966
1.053e-05,0.0002582,1.007
8.902e-06,0.0002464,1.038
6.627e-06,0.0002468,1.101
7.654e-06,0.0002206,1.071
1.063e-05,0.0002329,1.015
9.274e-06,0.0002442,1.031
8.364e-06,0.0002373,1.053
8.475e-06,0.0002491,1.05
7.236e-06,0.0002347,1.085
9.771e-06,0.0002418,1.025
9.964e-06,0.0002471,1.036
8.889e-06,0.0002437,1.049
9.525e-06,0.0002441,1.021
7.487e-06,0.0002692,1.083
9.833e-06,0.0002703,1.027
9.689e-06,0.0002538,1.028
1.051e-05,0.0002487,1.018
1.08e-05,0.0002699,1.003
9.393e-06,0.0002427,1.022
8.512e-06,0.0002539,1.052
6.422e-06,0.0002528,1.097
8.158e-06,0.0002356,1.066
1.04e-05,0.0002623,1.026
8.99e-06,0.000262,1.05
1.182e-05,0.0002479,0.9931
8.847e-06,0.0002483,1.05
8.907e-06,0.0002382,1.043
9.529e-06,0.000234,1.032
1.119e-05,0.0002278,0.9972
1.136e-05,0.0002424,1.002
9.44e-06,0.00025,1.032
1.824e-05,0.0002757,0.9199
1.221e-05,0.0002399,0.9872
9.73e-06,0.0002387,1.023
8.723e-06,0.0002435,1.035
1.151e-05,0.0002393,1.002
1.051e-05,0.0002466,1.01
1.098e-05,0.0002474,1.01
1.176e-05,0.0002728,0.9927
6.747e-06,0.0002461,1.099
9.592e-06,0.0002401,1.032
1.065e-05,0.0002565,1.014
1.042e-05,0.000262,1.023
1.103e-05,0.0002325,1.001
1.252e-05,0.000255,0.9815
1.139e-05,0.0002467,1.011
9.134e-06,0.0002406,1.036
1.171e-05,0.0002604,0.9932
1.143e-05,0.000246,1.003
1.087e-05,0.0002614,1.018
1.181e-05,0.0002478,0.9952
1.17e-05,0.0002281,0.9865
7.967e-06,0.00024,1.066
1.253e-05,0.0002332,0.9831
7.803e-06,0.0002343,1.063
9.365e-06,0.0002266,1.038
1.094e-05,0.0002379,1.011
8.509e-06,0.000236,1.046
9.398e-06,0.0002476,1.031
8.594e-06,0.0002191,1.045
9.784e-06,0.0002305,1.035
1.019e-05,0.0002297,1.021
8.439e-06,0.0002326,1.052
7.852e-06,0.0002413,1.069
1.085e-05,0.0002359,1.012
1.288e-05,0.0002482,0.9787
1.239e-05,0.0002568,0.9874
1.019e-05,0.0002402,1.02
9.931e-06,0.0002603,1.022
1.152e-05,0.0002458,1.005
1.162e-05,0.0002387,0.9995
9.89e-06,0.0002447,1.04
9.479e-06,0.0002412,1.028
1.155e-05,0.0002596,1.006
8.063e-06,0.0002604,1.06
9.461e-06,0.0002363,1.033
1.101e-05,0.0002315,1.005
1.194e-05,0.0002487,0.9899
1.071e-05,0.0002359,1.011
9.704e-06,0.0002672,1.033
1.315e-05,0.0002397,0.9719
1.045e-05,0.0002435,1.021
1.091e-05,0.0002421,1.012
8.72e-06,0.0002517,1.045
8.504e-06,0.0002567,1.055
8.984e-06,0.0002574,1.051
6.79e-06,0.0002413,1.088
8.805e-06,0.0002382,1.05
1.07e-05,0.0002568,1.02
9.557e-06,0.0002399,1.035
1.37e-05,0.0002592,0.9748
1.244e-05,0.0002576,0.99
7.928e-06,0.0002442,1.067
1.127e-05,0.0002557,1.003
9.779e-06,0.0002301,1.027
9.43e-06,0.0002452,1.043
1.381e-05,0.0002509,0.983
7.631e-06,0.0002573,1.068
1.157e-05,0.0002397,0.9875
1.098e-05,0.0002549,1.004
9.986e-06,0.0002494,1.023
1.049e-05,0.0002432,1.016
1.005e-05,0.0002347,1.026
1.133e-05,0.0002412,1.005
7.936e-06,0.0002312,1.058
1.206e-05,0.0002573,1.001
9.596e-06,0.0002373,1.028
8.908e-06,0.0002381,1.047
1.12e-05,0.0002402,0.9998
9.272e-06,0.0002429,1.039
9.928e-06,0.0002286,1.028
9.49e-06,0.0002387,1.029
8.879e-06,0.0002528,1.048
1.024e-05,0.0002439,1.012
1.029e-05,0.0002347,1.024
8.84e-06,0.0002456,1.05
9.049e-06,0.0002323,1.035
7.286e-06,0.0002527,1.091
9.427e-06,0.0002382,1.036
1.021e-05,0.0002535,1.025
1.146e-05,0.0002368,0.9989
1.009e-05,0.0002531,1.015
1.189e-05,0.0002434,0.9948
1.273e-05,0.0002559,0.9813
9.974e-06,0.0002396,1.029
1.04e-05,0.0002304,1.016
1.129e-05,0.000249,1.004
1.166e-05,0.0002571,0.9932
9.159e-06,0.0002287,1.026
1.507e-05,0.0002601,0.9574
9.895e-06,0.0002763,1.037
7.83e-06,0.0002382,1.07
7.281e-06,0.0002281,1.078
1.171e-05,0.0002458,0.9959
1.184e-05,0.0002624,0.9924
9.615e-06,0.0002434,1.032
9.777e-06,0.0002469,1.034
8.615e-06,0.0002327,1.049
1.055e-05,0.0002516,1.004
9.917e-06,0.0002473,1.025
1.144e-05,0.0002596,1.007
1.129e-05,0.000264,1.004
1.096e-05,0.0002499,1.018
9.949e-06,0.0002322,1.017
1.095e-05,0.0002432,1.006
1.28e-05,0.0002329,0.9873
1.041e-05,0.000248,1.02
1.101e-05,0.0002593,1.012
8.916e-06,0.0002385,1.034
8.088e-06,0.0002624,1.065
1.005e-05,0.0002484,1.03
1.255e-05,0.0002439,0.9917
1.057e-05,0.0002345,1.016
7.192e-06,0.0002511,1.086
9.871e-06,0.0002355,1.033
9.075e-06,0.0002618,1.047
9.705e-06,0.0002331,1.025
7.563e-06,0.0002428,1.068
8.355e-06,0.0002495,1.066
8.176e-06,0.0002377,1.066
7.824e-06,0.000236,1.071
9.877e-06,0.000224,1.024
1.014e-05,0.0002322,1.015
7.895e-06,0.0002463,1.07
8.023e-06,0.0002273,1.061
1.165e-05,0.0002499,0.99
9.991e-06,0.0002451,1.021
8.404e-06,0.0002522,1.041
9.115e-06,0.0002504,1.041
1.099e-05,0.0002383,1.01
1.201e-05,0.000253,0.9853
9.603e-06,0.0002531,1.035
8.42e-06,0.0002468,1.059
1.184e-05,0.0002552,1.004
1.164e-05,0.0002447,1.005
8.39e-06,0.000255,1.05
1.099e-05,0.0002369,1.001
9.764e-06,0.0002306,1.029
9.979e-06,0.0002423,1.024
1.028e-05,0.0002597,1.017
8.375e-06,0.0002438,1.046
1.174e-05,0.0002471,0.9967
9.157e-06,0.0002471,1.027
1.372e-05,0.0002381,0.9641
8.218e-06,0.0002414,1.062
1.169e-05,0.0002566,0.996
1.146e-05,0.0002396,1.005
9.07e-06,0.0002399,1.036
1.322e-05,0.0002535,0.9727
8.776e-06,0.0002332,1.046
1.111e-05,0.0002561,0.9995
1.368e-05,0.0002485,0.9713
1.047e-05,0.0002373,1.02
1.057e-05,0.0002435,1.014
1.409e-05,0.0002599,0.964
8.872e-06,0.0002631,1.046
1.266e-05,0.0002765,0.9829
8.84e-06,0.0002474,1.048
1.238e-05,0.000268,0.993
9.322e-06,0.0002597,1.041
1.012e-05,0.0002419,1.021
1.241e-05,0.0002474,0.9856
7.274e-06,0.0002272,1.07
7.878e-06,0.0002438,1.068
1.192e-05,0.0002631,1.005
1.124e-05,0.000242,1.004
1.035e-05,0.0002411,1.013
6.944e-06,0.0002546,1.088
8.901e-06,0.000247,1.052
1.119e-05,0.0002454,1.004
9.605e-06,0.000243,1.028
1.143e-05,0.0002623,1.008
8.321e-06,0.0002368,1.057
9.398e-06,0.0002515,1.043
1.011e-05,0.0002378,1.029
1.252e-05,0.0002702,0.9856
1.092e-05,0.0002453,1.02
9.085e-06,0.0002362,1.037
1.248e-05,0.0002595,0.9874
1.004e-05,0.0002455,1.023
8.581e-06,0.0002365,1.036
9.109e-06,0.00024,1.033
9.409e-06,0.0002459,1.037
9.285e-06,0.0002523,1.038
9.395e-06,0.0002491,1.033
1.151e-05,0.0002747,0.9982
9.531e-06,0.0002272,1.038
7.058e-06,0.0002375,1.09
8.225e-06,0.0002425,1.055
1.188e-05,0.000237,0.9986
9.964e-06,0.0002597,1.03
1.106e-05,0.0002466,1.014
7.497e-06,0.000237,1.073
9.705e-06,0.0002449,1.031
1.102e-05,0.000227,1.009
1.013e-05,0.0002373,1.016
9.047e-06,0.0002553,1.042
8.815e-06,0.000232,1.042
1.09e-05,0.0002558,1.012
1.148e-05,0.0002494,0.9928
8.401e-06,0.0002484,1.06
1.352e-05,0.0002461,0.9604
9.036e-06,0.0002517,1.048
1.02e-05,0.0002427,1.017
1.022e-05,0.0002471,1.027
6.677e-06,0.0002345,1.09
9.617e-06,0.0002753,1.035
1.145e-05,0.0002322,0.9988
9.889e-06,0.0002513,1.021
1.113e-05,0.0002593,1.007
1.16e-05,0.0002448,1.004
9.431e-06,0.0002495,1.036
1.026e-05,0.000264,1.031
1.237e-05,0.0002287,0.9926
1.003e-05,0.000254,1.016
9.321e-06,0.0002539,1.031
1.102e-05,0.0002454,1.01
1.03e-05,0.0002361,1.026
9.988e-06,0.0002452,1.023
1.205e-05,0.0002292,0.9891
9.754e-06,0.000225,1.031
9.221e-06,0.0002561,1.039
1.348e-05,0.0002458,0.9767
1.166e-05,0.0002602,1.001
9.626e-06,0.0002402,1.026
1.101e-05,0.0002466,1.004
1.033e-05,0.0002712,1.01
9.743e-06,0.0002542,1.024
1.005e-05,0.0002668,1.023
1.435e-05,0.0002717,0.9754
9.549e-06,0.0002555,1.036
1.108e-05,0.0002482,1
1.319e-05,0.0002345,0.9743
1.094e-05,0.0002372,1.006
1.119e-05,0.0002309,1.002
1.033e-05,0.0002367,1.019
1.179e-05,0.0002523,0.9921
1.031e-05,0.0002706,1.026
9.183e-06,0.0002622,1.039
8.77e-06,0.0002426,1.04
9.796e-06,0.0002444,1.023
9.412e-06,0.0002363,1.033
9.573e-06,0.0002649,1.038
8.289e-06,0.0002303,1.062
9.002e-06,0.000233,1.042
1.158e-05,0.0002423,0.9945
1.033e-05,0.0002449,1.017
8.976e-06,0.0002579,1.042
8.923e-06,0.0002403,1.046
8.836e-06,0.0002585,1.038
9.214e-06,0.0002442,1.031
1.239e-05,0.0002486,0.9904
1.26e-05,0.0002347,0.9901
8.876e-06,0.0002509,1.043
9.703e-06,0.0002515,1.039
8.728e-06,0.0002617,1.046
8.36e-06,0.0002322,1.057
1.091e-05,0.0002548,1.015
1.141e-05,0.000253,0.9947
1.036e-05,0.0002504,1.016
1.281e-05,0.00026,0.973
9.745e-06,0.0002629,1.038
9.695e-06,0.000235,1.034
6.902e-06,0.0002341,1.084
1.095e-05,0.0002399,1.017
8.129e-06,0.0002433,1.068
9.355e-06,0.0002421,1.044
8.076e-06,0.0002302,1.066
9.948e-06,0.0002546,1.026
8.863e-06,0.000239,1.048
1.239e-05,0.0002343,0.9937
1.033e-05,0.0002396,1.009
9.125e-06,0.0002383,1.039
1.201e-05,0.0002429,0.9996
1.11e-05,0.0002475,1.008
9.351e-06,0.0002351,1.026
1.022e-05,0.0002446,1.015
1.111e-05,0.0002591,1.01
1.181e-05,0.0002565,1.004
1.296e-05,0.0002532,0.9765
9.554e-06,0.0002413,1.044
7.486e-06,0.0002374,1.068
9.914e-06,0.0002487,1.024
1.045e-05,0.0002426,1.021
1.297e-05,0.0002739,0.9791
1.495e-05,0.000272,0.9632
8.724e-06,0.0002403,1.05
1.051e-05,0.0002353,1.028
6.431e-06,0.000232,1.098
7.764e-06,0.0002354,1.074
1.307e-05,0.0002472,0.9788
1.065e-05,0.0002508,1.015
1.165e-05,0.0002429,0.9927
1.059e-05,0.0002378,1.014
9.819e-06,0.0002391,1.024
1.129e-05,0.0002347,1.009
1.08e-05,0.0002557,1.02
9.117e-06,0.0002567,1.048
1.025e-05,0.0002591,1.029
9.632e-06,0.0002559,1.026
1.158e-05,0.0002324,0.9936
9.466e-06,0.0002533,1.037
1.438e-05,0.0002709,0.9547
1.259e-05,0.000257,0.9881
8.336e-06,0.0002602,1.058
1.01e-05,0.0002699,1.033
1.061e-05,0.0002445,1.018
1.199e-05,0.0002413,0.9899
7.596e-06,0.0002333,1.072
8.491e-06,0.0002375,1.053
1.131e-05,0.0002664,1.003
8.755e-06,0.000257,1.038
8.451e-06,0.0002569,1.056
9.211e-06,0.0002454,1.035
9.365e-06,0.0002623,1.042
1.097e-05,0.000234,1.021
1.245e-05,0.0002437,0.9902
9.29e-06,0.0002547,1.047
8.41e-06,0.000269,1.048
1.231e-05,0.0002328,0.9815
8.927e-06,0.0002527,1.046
9.026e-06,0.0002384,1.042
8.189e-06,0.0002508,1.062
9.332e-06,0.0002349,1.036
1.044e-05,0.0002334,1.025
1.051e-05,0.0002648,1.019
1.156e-05,0.0002557,1.002
1.094e-05,0.0002418,0.9982
1.139e-05,0.0002665,1.003
1.185e-05,0.0002535,1
8.636e-06,0.0002688,1.058
1.28e-05,0.000253,0.9815
9.092e-06,0.0002611,1.038
7.446e-06,0.0002417,1.076
8.177e-06,0.0002368,1.061
8.61e-06,0.0002333,1.052
9.048e-06,0.0002312,1.029
9.768e-06,0.0002543,1.024
9.941e-06,0.0002682,1.032
1.166e-05,0.0002359,0.9981
6.851e-06,0.000243,1.087
8.497e-06,0.0002391,1.041
7.037e-06,0.0002234,1.091
8.483e-06,0.0002578,1.06
9.116e-06,0.0002417,1.035
1.211e-05,0.0002683,0.9884
1.204e-05,0.0002597,1.002
1.027e-05,0.0002494,1.019
1.063e-05,0.0002369,1.019
9.662e-06,0.0002355,1.03
9.867e-06,0.0002497,1.029
8.257e-06,0.0002318,1.053
9.172e-06,0.0002664,1.043
9.072e-06,0.0002416,1.034
1.136e-05,0.0002422,0.9915
1.033e-05,0.000256,1.033
7.48e-06,0.0002669,1.076
1.142e-05,0.0002351,1.009
9.244e-06,0.0002526,1.048
1.404e-05,0.0002416,0.9588
1.559e-05,0.0002451,0.9452
9.758e-06,0.0002429,1.036
8.593e-06,0.0002519,1.053
9.123e-06,0.0002215,1.037
1.094e-05,0.0002514,1.016
8.89e-06,0.0002538,1.043
9.015e-06,0.0002192,1.035
1.408e-05,0.0002458,0.965
9.817e-06,0.0002413,1.02
9.268e-06,0.0002441,1.038
8.98e-06,0.0002316,1.048
1.136e-05,0.0002423,1.008
1.207e-05,0.0002439,0.9995
8.065e-06,0.0002457,1.058
1.061e-05,0.0002486,1.01
1.057e-05,0.0002462,1.021
1.075e-05,0.0002309,1.028
1.063e-05,0.0002345,1.015
1.186e-05,0.0002366,0.9937
7.476e-06,0.0002596,1.084
1.044e-05,0.0002481,1.019
1.128e-05,0.0002558,1.014
7.568e-06,0.0002336,1.074
1.29e-05,0.0002529,0.9746
9.258e-06,0.0002367,1.032
1.156e-05,0.0002593,1.004
9.924e-06,0.0002446,1.014
7.955e-06,0.0002402,1.058
9.621e-06,0.0002303,1.031
1.128e-05,0.0002393,1.005
1.062e-05,0.0002447,1.006
9.693e-06,0.0002443,1.02
1.181e-05,0.0002477,0.9965
1.398e-05,0.0002643,0.9652
1.068e-05,0.0002609,1.012
1.288e-05,0.0002425,0.9819
7.332e-06,0.0002309,1.067
1.068e-05,0.0002296,1.013
1.221e-05,0.0002403,1
9.397e-06,0.0002426,1.034
1.271e-05,0.0002361,0.9808
9.099e-06,0.0002479,1.048
1.031e-05,0.0002486,1.014
1.143e-05,0.0002494,1.017
1.009e-05,0.0002291,1.023
1.05e-05,0.000277,1.019
9.486e-06,0.0002502,1.042
1.019e-05,0.0002535,1.026
1.184e-05,0.0002586,0.9922
1.043e-05,0.0002478,1.02
8.138e-06,0.0002419,1.059
1.192e-05,0.0002467,0.9914
1.132e-05,0.0002492,1.011
1.067e-05,0.0002445,1.015
8.576e-06,0.0002573,1.06
1.248e-05,0.0002357,0.9722
1.061e-05,0.0002354,1.013
9.515e-06,0.0002364,1.028
9.163e-06,0.0002356,1.044
7.632e-06,0.0002407,1.062
1.007e-05,0.0002247,1.018
9.473e-06,0.0002333,1.03
8.846e-06,0.0002344,1.043
8.09e-06,0.0002442,1.07
1.254e-05,0.0002477,0.9891
9.534e-06,0.0002709,1.034
1.052e-05,0.0002386,1.007
8.077e-06,0.0002225,1.057
9.627e-06,0.0002598,1.029
8.039e-06,0.0002281,1.069
1.24e-05,0.0002694,0.992
7.678e-06,0.0002295,1.067
8.084e-06,0.0002534,1.052
1.151e-05,0.0002595,1.013
1.046e-05,0.0002265,1.018
8.782e-06,0.0002507,1.045
9.119e-06,0.0002337,1.038
7.066e-06,0.0002619,1.086
9.206e-06,0.0002192,1.038
7.566e-06,0.0002581,1.08
7.628e-06,0.000245,1.071
1.302e-05,0.0002453,0.9782
1.058e-05,0.0002419,1.02
1.259e-05,0.000242,0.9849
9.62e-06,0.000268,1.036
8.038e-06,0.0002422,1.055
1.436e-05,0.0002522,0.9645
8.466e-06,0.000238,1.057
1.114e-05,0.000237,1.005
9.216e-06,0.0002445,1.038
1.027e-05,0.0002582,1.018
1.169e-05,0.0002576,0.994
1.006e-05,0.0002617,1.025
1.091e-05,0.0002594,1.009
9.993e-06,0.0002361,1.033
9.207e-06,0.0002743,1.055
1.121e-05,0.0002654,1.007
1.384e-05,0.0002564,0.9687
1.176e-05,0.0002545,0.9997
1.157e-05,0.0002337,0.9932
1.039e-05,0.0002581,1.015
8.694e-06,0.0002466,1.061
1.039e-05,0.0002722,1.025
1.174e-05,0.0002593,1.002
1.002e-05,0.0002533,1.019
1.177e-05,0.0002406,1.007
1.495e-05,0.0002641,0.9452
7.113e-06,0.0002395,1.088
9.431e-06,0.0002417,1.042
1.102e-05,0.0002595,0.9972
9.458e-06,0.0002362,1.042
1.28e-05,0.0002608,0.9836
8.581e-06,0.000238,1.042
1.322e-05,0.0002503,0.9616
1.001e-05,0.0002452,1.021
1.01e-05,0.0002458,1.027
9.336e-06,0.0002346,1.032
8.7e-06,0.0002419,1.054
9.121e-06,0.0002303,1.046
9.626e-06,0.0002399,1.038
1.255e-05,0.0002292,0.9864
1.257e-05,0.000238,0.9887
8.988e-06,0.0002562,1.049
1.17e-05,0.0002504,0.9984
1.043e-05,0.0002443,1.019
1.072e-05,0.0002303,1.019
7.16e-06,0.0002515,1.078
1.069e-05,0.0002593,1.012
9.205e-06,0.0002546,1.04
7.477e-06,0.0002468,1.071
1.012e-05,0.0002479,1.018
9.184e-06,0.0002322,1.042
9.931e-06,0.0002438,1.028
1.222e-05,0.0002664,0.987
1.048e-05,0.0002228,1.018
9.503e-06,0.0002499,1.025
7.474e-06,0.0002311,1.076
1.01e-05,0.00024,1.031
9.268e-06,0.0002437,1.034
9.066e-06,0.0002427,1.039
1.095e-05,0.0002443,1.007
1.03e-05,0.0002394,1.023
7.914e-06,0.0002151,1.075
1.237e-05,0.0002471,0.9964
1.049e-05,0.0002618,1.01
1.318e-05,0.0002545,0.9852
1.428e-05,0.0002393,0.9605
7.915e-06,0.0002257,1.045
1.163e-05,0.0002693,1.001
6.877e-06,0.0002528,1.099
8.149e-06,0.0002382,1.059
1.328e-05,0.0002709,0.9825
1.064e-05,0.0002532,1.008
1.141e-05,0.0002509,1.01
1.334e-05,0.0002826,0.982
9.713e-06,0.0002386,1.032
8.224e-06,0.000261,1.062
9.854e-06,0.0002522,1.021
7.775e-06,0.0002245,1.071
1.115e-05,0.0002522,0.9925
9.824e-06,0.0002579,1.023
8.596e-06,0.0002224,1.042
1.135e-05,0.0002352,0.9886
9.365e-06,0.0002454,1.033
8.857e-06,0.0002279,1.041
8.274e-06,0.0002504,1.062
1.251e-05,0.0002634,0.9897
9.776e-06,0.0002298,1.026
9.095e-06,0.0002396,1.041
1.169e-05,0.0002407,0.9939
7.391e-06,0.0002284,1.075
1.075e-05,0.000244,1.009
9.885e-06,0.0002515,1.019
1.107e-05,0.0002445,1.009
1.171e-05,0.0002794,0.9972
9.043e-06,0.0002441,1.036
9.177e-06,0.0002456,1.042
1.194e-05,0.0002229,0.9884
8.039e-06,0.0002581,1.068
1.268e-05,0.0002305,0.9759
1.157e-05,0.0002553,1.005
6.83e-06,0.0002293,1.088
1.002e-05,0.0002406,1.02
1.258e-05,0.0002454,0.9868
1.083e-05,0.0002302,1.006
1.141e-05,0.0002285,1.001
1.239e-05,0.0002383,0.99
9.317e-06,0.0002465,1.04
9.551e-06,0.0002446,1.024
8.011e-06,0.0002392,1.07
7.915e-06,0.0002451,1.067
8.132e-06,0.0002664,1.06
9.07e-06,0.0002404,1.035
7.15e-06,0.0002482,1.088
8.902e-06,0.0002451,1.055
8.777e-06,0.0002511,1.059
9.918e-06,0.0002574,1.015
1.001e-05,0.0002429,1.027
1.185e-05,0.0002512,1.001
1.181e-05,0.0002385,1
7.98e-06,0.0002464,1.06
8.334e-06,0.0002315,1.061
1.079e-05,0.0002525,1.005
9.818e-06,0.0002651,1.027
1.29e-05,0.0002476,0.9813
7.75e-06,0.0002705,1.082
1.167e-05,0.000244,0.9872
9.524e-06,0.0002544,1.037
8.01e-06,0.0002378,1.063
8.615e-06,0.0002343,1.052
5.928e-06,0.0002396,1.121
7.372e-06,0.0002415,1.067
8.137e-06,0.0002542,1.074
7.883e-06,0.0002576,1.067
9.364e-06,0.0002467,1.044
1.184e-05,0.0002597,0.9948
1.047e-05,0.0002571,1.018
1.248e-05,0.0002551,0.9847
1.026e-05,0.0002451,1.028
8.553e-06,0.0002441,1.049
1.06e-05,0.0002716,1.018
1.202e-05,0.0002341,0.9954
1.271e-05,0.0002697,0.9891
1.383e-05,0.0002649,0.9717
9.27e-06,0.0002465,1.044
1.282e-05,0.0002537,0.9816
7.932e-06,0.0002401,1.066
9.552e-06,0.000252,1.032
1.247e-05,0.0002506,0.9752
1.111e-05,0.0002523,0.9951
1.005e-05,0.0002364,1.021
8.316e-06,0.0002441,1.055
9.406e-06,0.0002605,1.043
9.506e-06,0.0002539,1.031
8.572e-06,0.0002318,1.053
1.367e-05,0.0002551,0.9722
1.098e-05,0.0002502,1.003
8.137e-06,0.0002361,1.054
1.066e-05,0.0002449,1.007
1.304e-05,0.0002548,0.9848
1.214e-05,0.000239,0.9848
8.571e-06,0.0002417,1.05
8.816e-06,0.0002597,1.045
7.885e-06,0.0002338,1.054
7.311e-06,0.0002266,1.08
1.145e-05,0.0002702,0.9934
1.049e-05,0.0002362,1.008
1.22e-05,0.0002594,0.9861
8.674e-06,0.0002464,1.052
8.901e-06,0.0002429,1.047
1.004e-05,0.000239,1.012
9.806e-06,0.0002538,1.026
1.257e-05,0.0002412,0.9886
8.304e-06,0.0002422,1.057
1.132e-05,0.0002531,1.003
9.914e-06,0.0002731,1.026
9.245e-06,0.0002122,1.037
1.138e-05,0.0002744,1.015
1.071e-05,0.0002505,1.01
1.002e-05,0.0002383,1.024
6.307e-06,0.0002586,1.115
1.091e-05,0.0002512,1.012
8.049e-06,0.0002333,1.065
8.132e-06,0.0002377,1.066
8.42e-06,0.0002508,1.05
1.342e-05,0.0002622,0.9688
8.031e-06,0.000242,1.066
8.704e-06,0.0002599,1.041
7.761e-06,0.0002646,1.071
8.379e-06,0.0002507,1.052
9.428e-06,0.000247,1.037
1.016e-05,0.0002341,1.016
8.128e-06,0.0002248,1.06
8.584e-06,0.0002582,1.049
1.025e-05,0.000225,1.025
1.004e-05,0.000249,1.028
9.669e-06,0.0002553,1.033
1.305e-05,0.0002527,0.986
1.149e-05,0.0002345,1.004
1.12e-05,0.0002726,1.005
9.034e-06,0.0002441,1.032
8.671e-06,0.0002307,1.043
8.56e-06,0.0002524,1.044
1.465e-05,0.0002522,0.959
1.177e-05,0.0002735,0.9966
1.128e-05,0.0002565,0.9955
1.322e-05,0.0002555,0.9763
1.036e-05,0.0002602,1.028
8.373e-06,0.0002488,1.057
8.648e-06,0.0002509,1.042
1.17e-05,0.000251,1.003
1.12e-05,0.000249,1.008
1.06e-05,0.000238,1.017
1.323e-05,0.0002494,0.9649
9.685e-06,0.0002529,1.027
1.142e-05,0.0002565,1.014
1.071e-05,0.0002459,1.017
9.191e-06,0.0002714,1.037
1.104e-05,0.0002371,1.01
1.04e-05,0.000244,1.006
1.063e-05,0.0002455,1.011
1.26e-05,0.0002392,0.9843
8.825e-06,0.0002393,1.041
1.027e-05,0.000256,1.018
8.447e-06,0.0002377,1.058
1.15e-05,0.0002645,1.006
1.023e-05,0.0002246,1.021
9.255e-06,0.0002279,1.036
9.902e-06,0.0002429,1.028
9.255e-06,0.000231,1.024
7.299e-06,0.0002357,1.081
8.261e-06,0.0002375,1.06
9.349e-06,0.0002784,1.032
8.291e-06,0.0002603,1.064
1.348e-05,0.0002664,0.9673
1.067e-05,0.0002434,1.025
9.393e-06,0.0002539,1.046
9.742e-06,0.0002587,1.026
8.567e-06,0.0002445,1.042
1.145e-05,0.0002526,0.9955
1.043e-05,0.0002448,1.015
1.068e-05,0.0002555,1.013
1.036e-05,0.0002566,1.017
1.295e-05,0.0002299,0.9782
1.283e-05,0.0002388,0.9843
7.074e-06,0.0002349,1.081
1.144e-05,0.0002549,1.002
9.766e-06,0.0002227,1.028
1.157e-05,0.0002554,0.9976
1.423e-05,0.0002438,0.9534
9.424e-06,0.000244,1.039
1.08e-05,0.000232,1.014
8.531e-06,0.000238,1.048
1.068e-05,0.0002412,1.025
1.035e-05,0.000256,1.03
9.399e-06,0.0002468,1.033
1.209e-05,0.0002455,0.9866
1.156e-05,0.0002292,1.003
7.983e-06,0.0002576,1.068
9.282e-06,0.0002541,1.028
1.33e-05,0.0002382,0.9778
9.28e-06,0.0002469,1.036
9.097e-06,0.0002435,1.042
9.339e-06,0.0002437,1.042
8.953e-06,0.0002474,1.051
8.549e-06,0.0002395,1.038
1.184e-05,0.0002543,0.9902
9.883e-06,0.0002389,1.027
1.022e-05,0.0002511,1.016
1.007e-05,0.0002601,1.031
1.289e-05,0.0002447,0.9794
1.078e-05,0.0002375,1.002
1.263e-05,0.0002319,0.992
1.13e-05,0.0002561,1.006
1.056e-05,0.0002417,1.005
1.232e-05,0.0002358,0.9842
1.154e-05,0.0002714,1.004
7.173e-06,0.0002344,1.08
8.314e-06,0.000249,1.055
1.416e-05,0.000245,0.9671
9.438e-06,0.000283,1.038
1.139e-05,0.0002325,0.9904
8.245e-06,0.0002272,1.055
1.001e-05,0.000242,1.016
1.071e-05,0.0002541,1.012
1.148e-05,0.0002586,0.997
1.309e-05,0.0002672,0.976
9.389e-06,0.0002253,1.036
8.994e-06,0.0002776,1.048
8.269e-06,0.0002422,1.057
1.183e-05,0.0002457,0.9922
1.224e-05,0.0002604,0.9973
6.766e-06,0.0002354,1.086
9.267e-06,0.0002409,1.035
1.025e-05,0.0002462,1.007
8.216e-06,0.0002628,1.065
7.771e-06,0.0002345,1.068
1.209e-05,0.0002389,0.9847
1.146e-05,0.0002473,1.002
1.388e-05,0.0002585,0.9758
8.571e-06,0.0002469,1.044
9.97e-06,0.0002722,1.023
1.161e-05,0.0002359,1.002
1.052e-05,0.0002486,1.019
9.718e-06,0.0002216,1.029
8.802e-06,0.0002402,1.051
9.719e-06,0.000255,1.028
9.555e-06,0.0002286,1.034
1.05e-05,0.0002619,1.021
8.924e-06,0.000264,1.037
1.022e-05,0.0002579,1.016
9.105e-06,0.0002396,1.046
1.142e-05,0.000252,0.995
8.825e-06,0.000242,1.047
1.116e-05,0.000252,1.002
8.189e-06,0.0002449,1.061
9.067e-06,0.0002782,1.034
1.022e-05,0.0002494,1.014
8.072e-06,0.0002365,1.067
1.008e-05,0.0002546,1.026
7.654e-06,0.0002288,1.072
1.085e-05,0.0002333,1.008
1.298e-05,0.000276,0.9755
1.375e-05,0.0002423,0.9738
1.091e-05,0.0002241,1.008
1.043e-05,0.0002391,1.017
8.738e-06,0.0002237,1.055
1.043e-05,0.0002517,1.019
9.602e-06,0.0002361,1.037
9.786e-06,0.0002479,1.021
7.89e-06,0.0002317,1.065
1.032e-05,0.0002345,1.014
1.228e-05,0.0002378,0.9968
8.188e-06,0.000233,1.048
1.057e-05,0.0002703,1.016
1.106e-05,0.0002744,1.009
9.332e-06,0.0002351,1.028
9.294e-06,0.0002605,1.034
1.089e-05,0.0002683,1.005
1.361e-05,0.0002425,0.9747
1.135e-05,0.0002396,1.004
7.245e-06,0.0002539,1.088
1.079e-05,0.0002368,1.002
1.084e-05,0.0002291,1.014
1.037e-05,0.0002405,1.021
1.214e-05,0.0002292,0.9774
1.419e-05,0.0002505,0.9586
1.09e-05,0.0002385,1.022
9.532e-06,0.0002353,1.025
7.522e-06,0.0002476,1.073
9.869e-06,0.0002488,1.033
1.099e-05,0.0002391,1.006
8.348e-06,0.0002611,1.053
7.623e-06,0.0002378,1.071
8.825e-06,0.0002529,1.051
9.312e-06,0.0002635,1.037
1.05e-05,0.0002417,1.009
8.763e-06,0.0002473,1.051
7.032e-06,0.0002341,1.093
7.986e-06,0.0002417,1.065
1.184e-05,0.0002601,1.004
1.056e-05,0.0002505,1.021
1.051e-05,0.0002521,1.022
6.647e-06,0.0002321,1.097
1.033e-05,0.0002306,1.01
7.805e-06,0.0002388,1.068
1.04e-05,0.0002526,1.018
9.378e-06,0.0002583,1.043
9.715e-06,0.0002515,1.034
9.897e-06,0.0002436,1.019
1.094e-05,0.0002497,1.01
1.33e-05,0.0002551,0.9694
8.311e-06,0.0002546,1.061
1.091e-05,0.0002601,1.011
1.058e-05,0.0002422,1.022
1.25e-05,0.0002346,0.9897
1.063e-05,0.0002641,1.007
1.212e-05,0.0002593,0.9944
1.079e-05,0.0002373,1.01
1.061e-05,0.0002371,0.9984
7.255e-06,0.0002392,1.082
8.34e-06,0.0002398,1.05
1.117e-05,0.0002331,1.014
9.081e-06,0.0002598,1.049
1.227e-05,0.0002551,0.9813
1.104e-05,0.000284,1.011
1.286e-05,0.0002489,0.9846
1.195e-05,0.0002652,0.9946
1.279e-05,0.000241,0.9726
1.053e-05,0.0002578,1.011
9.948e-06,0.0002606,1.032
1.046e-05,0.0002446,1.023
8.339e-06,0.0002308,1.055
7.815e-06,0.0002602,1.058
1.567e-05,0.0002521,0.9583
1.083e-05,0.0002391,1.02
1.439e-05,0.0002566,0.9663
1.186e-05,0.0002417,0.9927
9.886e-06,0.0002727,1.02
1.048e-05,0.0002416,1.02
1.148e-05,0.0002482,0.9958
9.762e-06,0.0002546,1.019
9.921e-06,0.0002415,1.033
8.447e-06,0.0002579,1.059
8.654e-06,0.0002287,1.053
7.558e-06,0.0002312,1.087
1.171e-05,0.0002664,1.001
1.148e-05,0.0002539,1.001
8.44e-06,0.0002374,1.056
1.054e-05,0.0002449,1.016
1.081e-05,0.0002547,1.009
1.087e-05,0.0002262,1.01
7.912e-06,0.0002321,1.07
9.254e-06,0.0002408,1.037
8.243e-06,0.0002474,1.05
1.161e-05,0.0002639,0.9974
1.007e-05,0.0002259,1.022
1.495e-05,0.0002436,0.9525
9.597e-06,0.0002642,1.029
7.428e-06,0.000235,1.069
8.854e-06,0.0002389,1.041
7.269e-06,0.0002669,1.087
1.159e-05,0.0002503,0.9894
8.261e-06,0.0002454,1.067
7.698e-06,0.0002604,1.071
6.621e-06,0.0002462,1.096
1.247e-05,0.0002592,1
1.008e-05,0.0002633,1.026
1.049e-05,0.0002565,1.027
8.5e-06,0.0002369,1.044
1.104e-05,0.0002495,1.001
7.194e-06,0.0002648,1.075
1.07e-05,0.000227,1.009
1.428e-05,0.0002459,0.9669
6.694e-06,0.0002375,1.086
9.991e-06,0.0002518,1.029
1.155e-05,0.0002697,1.001
1.295e-05,0.0002583,0.9776
1.008e-05,0.0002366,1.027
7.865e-06,0.000258,1.07
8.323e-06,0.0002384,1.057
9.884e-06,0.0002369,1.018
1.069e-05,0.000257,1.021
6.374e-06,0.0002518,1.107
1.15e-05,0.0002422,0.9998
1.196e-05,0.0002471,0.9989
1.108e-05,0.0002496,1.015
6.256e-06,0.0002255,1.097
1.162e-05,0.0002657,0.9981
8.159e-06,0.0002335,1.056
1.364e-05,0.0002686,0.9758
1.067e-05,0.000245,1.012
8.795e-06,0.0002523,1.05
8.127e-06,0.0002538,1.052
9.369e-06,0.0002355,1.027
9.712e-06,0.0002438,1.032
1.01e-05,0.0002633,1.031
7.562e-06,0.0002394,1.076
1.147e-05,0.0002462,1.002
1.232e-05,0.0002731,0.9942
1.057e-05,0.0002485,1.017
8.151e-06,0.0002575,1.061
1.033e-05,0.0002582,1.025
1.049e-05,0.000249,1.019
9.983e-06,0.0002284,1.026
9.101e-06,0.0002451,1.041
1.131e-05,0.0002385,0.9986
1.024e-05,0.0002302,1.024
9.979e-06,0.0002432,1.023
1.002e-05,0.0002377,1.023
8.679e-06,0.0002426,1.055
8.95e-06,0.000236,1.052
8.054e-06,0.0002537,1.064
1.26e-05,0.0002596,0.9841
1.263e-05,0.0002436,0.9886
7.413e-06,0.0002472,1.067
1.038e-05,0.0002395,1.025
1.031e-05,0.0002437,1.012
8.734e-06,0.0002307,1.05
9.911e-06,0.0002454,1.032
7.787e-06,0.0002476,1.064
1.456e-05,0.0002524,0.9548
1.171e-05,0.0002764,0.9997
1.068e-05,0.0002524,1.004
8.194e-06,0.0002559,1.057
9.041e-06,0.0002546,1.037
8.18e-06,0.0002261,1.06
1.19e-05,0.0002667,0.9897
9.064e-06,0.0002383,1.045
1.079e-05,0.0002573,1.013
9.143e-06,0.0002525,1.049
9.024e-06,0.0002359,1.04
1.193e-05,0.000262,0.9973
1.211e-05,0.0002533,1
8.617e-06,0.0002271,1.047
9.429e-06,0.0002426,1.026
1.062e-05,0.0002517,1.018
1.119e-05,0.0002394,1.004
9.195e-06,0.0002343,1.035
1.309e-05,0.0002766,0.9845
1.174e-05,0.0002462,0.9997
1.014e-05,0.0002563,1.012
1.107e-05,0.0002442,1.007
1.044e-05,0.0002312,0.9981
8.874e-06,0.0002592,1.044
9.905e-06,0.0002412,1.021
8.079e-06,0.0002283,1.067
8.598e-06,0.0002244,1.049
1.505e-05,0.0002516,0.9487
8.963e-06,0.0002217,1.045
1.246e-05,0.0002628,0.9899
9.296e-06,0.0002335,1.037
9.45e-06,0.0002499,1.045
1.138e-05,0.0002771,1.006
1.136e-05,0.0002686,1.005
9.554e-06,0.0002428,1.033
1.064e-05,0.0002304,1.015
1.152e-05,0.0002344,1.001
1.169e-05,0.0002737,0.9929
1.192e-05,0.0002273,0.9935
1.049e-05,0.0002454,1.011
1.072e-05,0.0002631,1.017
1.069e-05,0.0002479,1.012
9.316e-06,0.0002479,1.028
1.339e-05,0.0002275,0.9695
8.602e-06,0.0002408,1.056
9.84e-06,0.0002488,1.033
1.135e-05,0.0002309,1.003
1.114e-05,0.0002548,1.008
1.253e-05,0.000264,0.989
1.04e-05,0.0002713,1.009
7.512e-06,0.0002338,1.084
1.061e-05,0.0002252,1
8.262e-06,0.0002392,1.054
1.105e-05,0.0002515,1.004
8.038e-06,0.0002434,1.067
1.051e-05,0.0002713,1.017
8.521e-06,0.0002233,1.043
1.026e-05,0.0002405,1.017
7.847e-06,0.0002337,1.065
1.342e-05,0.0002536,0.969
1.092e-05,0.0002459,1.008
9.729e-06,0.0002608,1.025
1.224e-05,0.0002409,0.9849
1.457e-05,0.000256,0.9543
1.193e-05,0.0002593,0.9957
1.302e-05,0.0002369,0.977
6.727e-06,0.0002492,1.098
8.347e-06,0.0002363,1.057
6.301e-06,0.0002453,1.109
1.043e-05,0.0002677,1.026
8.441e-06,0.0002483,1.042
1.51e-05,0.0002464,0.9525
7.114e-06,0.000244,1.079
1.13e-05,0.0002727,1.009
1.18e-05,0.0002409,0.9896
9.795e-06,0.0002326,1.028
9.984e-06,0.0002432,1.021
8.082e-06,0.0002438,1.064
1.149e-05,0.0002465,1.007
1.157e-05,0.0002397,0.9982
1.057e-05,0.0002383,1.014
1.034e-05,0.0002276,1.012
1.431e-05,0.00025,0.9561
1.268e-05,0.0002584,0.9797
1.057e-05,0.000239,1.025
9.553e-06,0.0002444,1.025
7.218e-06,0.0002535,1.09
1.144e-05,0.0002471,0.9922
1.113e-05,0.0002628,1.018
1.138e-05,0.0002354,1.005
8.001e-06,0.0002348,1.062
1.098e-05,0.0002588,1.009
9.198e-06,0.0002468,1.037
1.115e-05,0.0002508,1.008
1.143e-05,0.0002589,1.007
1.147e-05,0.0002602,1.005
7.707e-06,0.0002318,1.08
8.414e-06,0.000234,1.051
9.196e-06,0.0002571,1.044
1.166e-05,0.0002473,1.005
1.045e-05,0.00024,1.017
1.353e-05,0.0002433,0.9689
1.101e-05,0.0002538,0.9941
1.093e-05,0.0002489,1.007
1.043e-05,0.0002445,1.022
1.007e-05,0.0002543,1.022
9.213e-06,0.000245,1.043
9.885e-06,0.0002558,1.03
8.947e-06,0.0002532,1.048
9.37e-06,0.0002276,1.031
8.587e-06,0.0002479,1.052
1.211e-05,0.0002433,0.9911
1.428e-05,0.0002385,0.9649
1e-05,0.0002379,1.028
1.266e-05,0.0002615,0.9801
8.465e-06,0.0002356,1.054
7.021e-06,0.0002632,1.086
1.388e-05,0.0002493,0.9687
1.061e-05,0.0002472,1.014
6.862e-06,0.0002363,1.091
1.004e-05,0.0002737,1.019
