A1,B1,n
0.0002968,0.04651,0.7883
0.0001924,0.04714,0.8641
0.0001782,0.0469,0.857
0.0002571,0.06966,0.8488
0.00027,0.07915,0.8662
0.0001038,0.0287,0.893
9.918e-05,0.0317,0.9148
0.0001671,0.04695,0.8855
0.0003411,0.04371,0.7514
7.779e-05,0.03394,0.9448
0.0001201,0.04031,0.9056
0.0001384,0.03295,0.8639
0.0001537,0.03564,0.8597
0.0001012,0.05081,0.9519
0.0002849,0.06404,0.8256
0.0001519,0.06174,0.9283
0.0001304,0.0415,0.9064
0.0002023,0.02531,0.7874
9.594e-05,0.02747,0.9018
0.0002437,0.04895,0.8158
0.0001119,0.03462,0.8957
0.0001299,0.02746,0.8494
0.0002075,0.04136,0.8231
0.0001861,0.03916,0.8524
0.0002198,0.04157,0.8093
0.000267,0.05818,0.8308
0.0001327,0.03385,0.8867
0.0002098,0.03348,0.8106
0.0002065,0.05133,0.854
6.7e-05,0.04054,0.9806
0.0002124,0.0528,0.8476
0.0002885,0.03958,0.7748
0.0001757,0.03386,0.8349
0.0004604,0.063,0.7627
0.0001963,0.04083,0.8411
0.0002885,0.04912,0.8055
0.0002299,0.03266,0.7927
0.0001831,0.04027,0.8512
0.0003678,0.0363,0.7383
0.0001359,0.04944,0.9194
0.0001715,0.0556,0.8888
0.0001458,0.04215,0.8743
0.0001404,0.03353,0.8541
0.0002729,0.06577,0.8301
0.0002767,0.05736,0.8237
8.764e-05,0.03361,0.9416
0.0002635,0.04235,0.7871
0.0001964,0.04742,0.8525
0.0001837,0.02795,0.8196
0.0001558,0.0337,0.8565
0.0001096,0.02696,0.8961
0.0001629,0.03977,0.8551
0.0001011,0.03256,0.9079
7.737e-05,0.02866,0.9456
0.0001334,0.03449,0.8643
8.26e-05,0.02771,0.9218
0.0002893,0.07508,0.8405
0.0001685,0.03683,0.8702
0.0001642,0.05181,0.8857
0.0001885,0.04567,0.8533
0.0001278,0.04198,0.8998
0.0001836,0.02999,0.8303
0.0001712,0.03902,0.8623
0.0001364,0.04355,0.8994
0.0001843,0.03235,0.8162
0.0001925,0.0411,0.8373
0.0003408,0.04608,0.7734
0.0001168,0.04945,0.9289
0.0001386,0.02132,0.8345
9.763e-05,0.0285,0.9112
0.000244,0.0613,0.8478
0.0001551,0.03956,0.86
0.0001978,0.03907,0.8312
0.0001177,0.03292,0.8889
0.000125,0.03781,0.8959
0.0001448,0.03799,0.8866
0.0001553,0.02858,0.8404
0.0001603,0.03899,0.8502
9.397e-05,0.03522,0.9357
0.0002024,0.0395,0.8147
0.0001483,0.03566,0.8749
0.0001862,0.04606,0.8522
0.0001796,0.05687,0.8889
0.0001383,0.03212,0.8628
7.989e-05,0.03435,0.9429
0.0001748,0.03601,0.8401
0.0001702,0.03848,0.8528
0.0002367,0.05203,0.8401
0.0001347,0.03288,0.874
0.0001927,0.0488,0.8552
0.0001686,0.04683,0.8715
0.0001149,0.03491,0.9016
0.0001753,0.03945,0.8497
0.0001657,0.03822,0.8641
0.0002435,0.03851,0.801
0.0001416,0.02615,0.8497
0.0001341,0.03329,0.8842
9.444e-05,0.03928,0.9343
0.0002652,0.06447,0.8364
9.768e-05,0.05124,0.9505
0.000148,0.03123,0.8623
0.0001361,0.03033,0.8656
0.0002084,0.03331,0.8106
0.000238,0.04467,0.8381
0.0001703,0.03923,0.8644
0.0003785,0.0601,0.7843
0.0001025,0.0267,0.8805
0.0002272,0.04639,0.8262
0.0001501,0.04395,0.873
0.0001355,0.03401,0.8662
0.0001983,0.05938,0.8748
7.529e-05,0.05153,0.9941
0.0001599,0.03779,0.8588
0.0001629,0.038,0.8751
0.0002008,0.0346,0.8246
0.0001721,0.05253,0.8689
0.000178,0.04434,0.871
0.0001704,0.03259,0.835
8.557e-05,0.02719,0.9187
0.0002356,0.03495,0.7913
0.0001706,0.04002,0.8488
0.0001903,0.04223,0.8487
0.0001171,0.04133,0.9073
0.0001567,0.04121,0.8736
0.0001652,0.04601,0.8755
0.0002289,0.05348,0.8383
0.0002463,0.03908,0.7953
0.0001299,0.03276,0.8758
0.0001866,0.06203,0.8854
0.0001514,0.03888,0.8765
0.0001255,0.03384,0.883
0.0003151,0.0655,0.8041
0.0002201,0.05158,0.8437
0.0001158,0.03436,0.8897
0.0002197,0.05243,0.8304
0.0002556,0.05284,0.8233
0.0001075,0.0276,0.8989
0.000174,0.04291,0.8458
0.0001667,0.04566,0.8669
0.0002272,0.03772,0.8007
0.0003206,0.06047,0.8094
0.0002353,0.04659,0.8264
0.0002044,0.03885,0.8151
0.0001954,0.03073,0.8152
0.0001985,0.04082,0.8344
0.000277,0.03907,0.7892
0.000136,0.03768,0.8684
0.0001467,0.03313,0.8631
0.0001365,0.04768,0.9061
0.0002917,0.04375,0.7872
0.0001251,0.0345,0.8777
0.000248,0.03863,0.7933
7.897e-05,0.02717,0.9323
0.0003362,0.05112,0.7896
0.0001774,0.03958,0.853
0.0001561,0.04098,0.8612
0.0001437,0.03749,0.8729
0.000189,0.05897,0.8829
0.0001055,0.03268,0.9006
0.0002153,0.04891,0.8456
0.0002132,0.03809,0.8187
0.0002914,0.05408,0.8114
0.0003251,0.03113,0.7412
9.431e-05,0.02869,0.918
0.0002492,0.0459,0.804
0.0001521,0.04893,0.9008
0.0002564,0.04286,0.7981
0.000111,0.05002,0.934
0.000206,0.05127,0.856
0.0001365,0.03197,0.867
0.0001943,0.06314,0.8829
0.0001445,0.03449,0.8651
0.0002937,0.05727,0.8016
0.0002059,0.03689,0.8214
0.0001999,0.03583,0.8228
0.0001707,0.05831,0.8877
0.0001502,0.03646,0.8854
0.0002651,0.04796,0.8213
0.0001339,0.03825,0.8847
0.0001024,0.04139,0.9272
0.000145,0.03907,0.8738
0.0001864,0.03183,0.8361
0.0001926,0.04459,0.8387
8.767e-05,0.03288,0.9339
6.844e-05,0.03483,0.9841
0.0002808,0.05026,0.8058
0.0002099,0.03688,0.8292
0.0001878,0.0398,0.835
0.0001814,0.04714,0.8675
0.0001132,0.03141,0.8907
0.0001788,0.04354,0.8641
0.0001597,0.04136,0.877
0.000206,0.06346,0.872
0.0001136,0.04421,0.9258
0.00016,0.04004,0.8474
7.3e-05,0.02312,0.9282
0.0004349,0.05847,0.7605
0.0001036,0.02336,0.8849
0.0001459,0.0407,0.8786
0.0001368,0.03267,0.8631
0.0001901,0.0415,0.8499
0.000318,0.04694,0.7821
0.0001976,0.05872,0.8718
7.562e-05,0.02724,0.9367
0.0002319,0.03143,0.7843
0.000136,0.04386,0.889
0.0001744,0.05411,0.8761
0.0001507,0.06278,0.9046
0.0004242,0.05928,0.7696
0.0001329,0.03221,0.8623
9.283e-05,0.03244,0.9186
0.0001831,0.03971,0.859
0.0001281,0.03767,0.894
0.0002247,0.04825,0.8367
0.0002375,0.04064,0.8019
9.192e-05,0.02767,0.8973
0.0001288,0.03202,0.8518
9.244e-05,0.02984,0.9096
0.0003347,0.06526,0.8019
0.0001451,0.0317,0.8603
0.0001605,0.04086,0.8592
0.000125,0.03203,0.8739
0.0002001,0.03039,0.8079
0.0001812,0.0517,0.8735
6.993e-05,0.03498,0.9724
0.0002104,0.0397,0.8274
0.0002527,0.06254,0.8395
9.835e-05,0.0274,0.8955
0.000247,0.0382,0.7999
0.0001289,0.03558,0.889
0.000127,0.04279,0.906
0.0001323,0.03234,0.8723
0.0001311,0.03226,0.8848
0.0001507,0.05019,0.8888
0.000159,0.05159,0.8898
0.0001582,0.03972,0.8672
8.473e-05,0.03186,0.9349
0.0001105,0.02887,0.8947
0.0001932,0.04738,0.8469
0.0001476,0.03938,0.8754
0.0001585,0.03195,0.8483
0.0001766,0.02694,0.8182
0.0001606,0.03282,0.8544
0.0001886,0.03515,0.8233
8.995e-05,0.0348,0.9365
0.0001423,0.03585,0.861
0.0001742,0.05481,0.8729
0.000178,0.03245,0.8347
0.000143,0.03871,0.8743
0.0001659,0.0317,0.8388
0.0002143,0.04775,0.8394
9.938e-05,0.02851,0.9019
0.0001364,0.0407,0.8787
0.0001879,0.07153,0.8894
0.0001726,0.03132,0.8375
0.0001524,0.03958,0.8793
0.0002085,0.05103,0.851
0.000162,0.04798,0.8746
0.0002213,0.03496,0.8035
0.0001347,0.03962,0.8862
0.0001888,0.0377,0.8516
0.0001599,0.04138,0.8644
0.0002599,0.04801,0.8107
0.0001048,0.02971,0.893
0.0001694,0.05011,0.8739
0.0002648,0.03066,0.768
9.914e-05,0.03281,0.9017
0.0001044,0.03934,0.9267
0.0002231,0.04778,0.8372
0.0001086,0.02757,0.8953
0.0002872,0.0607,0.8232
9.949e-05,0.02641,0.8925
0.0002083,0.04588,0.8361
0.0001813,0.02771,0.8137
0.0001972,0.04504,0.8452
0.0002418,0.04709,0.8221
0.0002617,0.03933,0.7982
0.0002776,0.05019,0.816
0.0001268,0.03748,0.8892
0.0001379,0.03131,0.8707
0.0002094,0.03809,0.8262
0.000228,0.0617,0.8639
0.0002105,0.03931,0.8241
0.000218,0.0479,0.8271
0.0001595,0.04907,0.8836
0.0001682,0.04841,0.8866
0.0001541,0.04754,0.8865
0.0001738,0.03885,0.8547
0.0001555,0.04014,0.8761
0.0001214,0.03944,0.9097
0.0001666,0.04216,0.8707
6.483e-05,0.03433,0.9793
0.000236,0.04414,0.8157
0.0003149,0.04605,0.7853
9.666e-05,0.03737,0.9361
9.254e-05,0.03336,0.9419
0.0001623,0.02794,0.8297
0.0001448,0.03164,0.8615
0.0001644,0.05111,0.8833
0.000122,0.04042,0.8981
0.0003816,0.05632,0.7707
0.0002501,0.04754,0.8158
7.4e-05,0.0235,0.9286
0.0001536,0.04092,0.8851
0.0001328,0.05054,0.9149
0.0001341,0.03367,0.8769
0.000229,0.05204,0.832
0.0001635,0.0401,0.8854
0.0001471,0.04157,0.8855
0.0001172,0.0432,0.9155
0.0001329,0.03244,0.8802
0.0001928,0.05122,0.861
0.0002707,0.05662,0.8247
5.665e-05,0.04937,1.032
0.0002556,0.03841,0.7971
0.0001975,0.03295,0.8173
9.27e-05,0.0238,0.8888
0.0002255,0.03847,0.8111
0.000245,0.0322,0.7826
0.0002122,0.03862,0.8241
0.0001397,0.03561,0.874
0.0001169,0.03394,0.8975
0.0001341,0.04323,0.8946
9.314e-05,0.03481,0.9403
0.0001058,0.03395,0.8983
0.0001481,0.03661,0.8579
0.0002079,0.04465,0.854
0.0001954,0.03613,0.8315
0.0002547,0.03225,0.7828
0.0001349,0.04568,0.9025
0.0001595,0.03446,0.8607
8.112e-05,0.03313,0.9444
0.0001445,0.02964,0.8412
0.0001736,0.03223,0.8236
0.000133,0.03288,0.8687
0.0001452,0.0409,0.8766
0.000177,0.03066,0.8409
0.0001343,0.03366,0.8922
0.0004554,0.05984,0.7627
0.0001326,0.03423,0.8734
0.0001829,0.03174,0.8285
0.0001415,0.03242,0.8566
0.0002975,0.06475,0.8271
0.0001176,0.0394,0.9089
0.0001424,0.03947,0.8795
0.0001804,0.03059,0.8243
6.796e-05,0.04218,0.9869
0.0002258,0.04014,0.8232
0.0001303,0.03319,0.8651
0.0001833,0.03677,0.8299
0.0002136,0.03842,0.8184
0.0001278,0.02388,0.8645
9.816e-05,0.02731,0.9043
0.0002123,0.06281,0.873
0.0001608,0.04014,0.8601
0.0001677,0.04165,0.8677
0.0001805,0.04612,0.8647
0.0002415,0.04142,0.8097
0.0001278,0.03172,0.8713
0.00013,0.04055,0.8944
0.0002045,0.03401,0.8189
0.0001827,0.03405,0.8385
0.0001811,0.04006,0.8507
0.0001896,0.03245,0.8306
0.0001116,0.04003,0.9115
0.0002231,0.04898,0.8407
9.259e-05,0.03836,0.9239
0.0002005,0.04203,0.8394
0.0002406,0.05714,0.8376
0.000228,0.04188,0.8055
0.0002303,0.03059,0.7995
0.0001938,0.03293,0.8092
0.0002358,0.03102,0.7894
0.0001335,0.0413,0.8932
8.764e-05,0.03308,0.9188
0.0003326,0.04382,0.7778
0.0001172,0.03335,0.9
0.0001251,0.03814,0.8988
6.408e-05,0.03225,0.9751
0.0001073,0.0428,0.9349
0.0001442,0.03274,0.8691
0.0001149,0.02262,0.8627
0.0001087,0.02816,0.899
0.0002593,0.04496,0.7967
0.0001341,0.03806,0.8735
0.0002292,0.03259,0.7954
0.0002964,0.05528,0.8189
0.0001245,0.02776,0.8915
0.0002029,0.03995,0.8201
0.0001975,0.07599,0.8906
0.0002602,0.03946,0.7904
0.0001208,0.03432,0.8821
0.0001701,0.04276,0.8588
0.0002656,0.0572,0.8194
0.0002319,0.04851,0.8411
0.0002982,0.06525,0.8185
0.0002297,0.05423,0.8342
0.0001907,0.04061,0.849
0.0002117,0.02963,0.7915
0.0002244,0.048,0.838
0.0001769,0.03335,0.8256
0.0001651,0.03781,0.8527
0.000116,0.02667,0.8646
0.0002229,0.05895,0.85
0.0002755,0.06856,0.8507
0.0002113,0.04888,0.8487
0.0002198,0.04644,0.8288
0.0001255,0.02572,0.8536
0.0001466,0.03654,0.8709
0.000138,0.04889,0.9156
0.0001535,0.03267,0.8574
0.0001401,0.04583,0.8964
0.0001189,0.04174,0.9084
6.854e-05,0.02895,0.9671
0.0001457,0.0317,0.849
0.0002994,0.04593,0.7952
0.0001647,0.03422,0.8385
7.781e-05,0.04155,0.958
6.971e-05,0.03373,0.9582
0.0001702,0.03814,0.8602
0.0001877,0.02616,0.8109
0.0001645,0.02738,0.8259
0.0001557,0.03141,0.8456
0.0001211,0.03328,0.8866
0.0001489,0.04878,0.9007
0.0001615,0.041,0.8583
0.0001676,0.04033,0.8518
0.0001366,0.03156,0.862
0.0002464,0.03837,0.7871
0.0002229,0.0514,0.8282
8.638e-05,0.035,0.9409
0.0001573,0.03743,0.8624
0.0001174,0.02992,0.8951
0.0001177,0.03268,0.8889
0.0001981,0.04569,0.8572
0.0001491,0.03497,0.8554
0.0003594,0.06059,0.7894
0.0002538,0.04831,0.8169
0.0001348,0.04752,0.889
0.0002327,0.05404,0.8347
0.000105,0.03342,0.9011
9.986e-05,0.02628,0.8959
0.0001357,0.03113,0.8571
8.37e-05,0.0334,0.9412
0.000182,0.04183,0.8566
0.0001873,0.03766,0.8404
0.0001335,0.0483,0.9116
0.0001722,0.03362,0.8333
0.0002028,0.03773,0.8191
0.0001458,0.02792,0.8371
0.0001551,0.04721,0.8872
0.0001374,0.04123,0.8936
9.45e-05,0.03501,0.9199
0.0002864,0.04952,0.7989
0.0002434,0.03262,0.7834
0.0001524,0.03792,0.8671
0.0001165,0.03408,0.8952
0.0001608,0.03867,0.8616
0.0001638,0.02605,0.8322
0.0001848,0.03805,0.8495
0.0001379,0.02795,0.8687
0.0003205,0.0487,0.7863
0.0001335,0.05408,0.9155
0.0001677,0.05078,0.8815
0.0001869,0.04261,0.8525
0.0002113,0.06678,0.8705
0.0002826,0.04286,0.794
0.0002036,0.03479,0.8094
0.0001902,0.04602,0.8474
0.000266,0.03719,0.78
0.0002831,0.05982,0.8296
0.0001783,0.02796,0.8203
0.0001512,0.03352,0.8525
0.0001819,0.04718,0.8605
0.0001635,0.03242,0.8444
0.0001682,0.03966,0.8613
0.0001507,0.02652,0.8526
0.0001386,0.02764,0.8603
0.0001444,0.03355,0.8593
6.455e-05,0.02366,0.9545
0.0001652,0.05267,0.8896
0.0002124,0.04759,0.8396
9.531e-05,0.02612,0.9002
0.0001932,0.05405,0.862
0.0001626,0.03835,0.8558
0.0002153,0.04096,0.8246
0.0001222,0.03287,0.8978
0.0001445,0.04064,0.8743
8.54e-05,0.02234,0.9138
0.000102,0.03465,0.9205
0.0001262,0.03697,0.8892
0.0002165,0.04057,0.8268
0.0001143,0.04135,0.9126
0.0002018,0.0392,0.8276
0.0001527,0.04267,0.8849
0.0002514,0.05803,0.8421
0.0001551,0.03285,0.8445
0.0001132,0.03262,0.8923
0.0002662,0.04645,0.8026
0.0001952,0.03199,0.8256
0.000133,0.02693,0.8564
0.000132,0.04706,0.9061
0.0001153,0.03269,0.8931
0.0001302,0.02787,0.8557
0.00021,0.04138,0.8447
0.0002209,0.04202,0.8092
0.0001327,0.03893,0.8867
0.0002043,0.04679,0.8488
6.996e-05,0.02832,0.9505
0.0002003,0.03237,0.8164
0.0001417,0.03238,0.8633
0.0001207,0.04016,0.898
0.0001822,0.03446,0.8205
0.0001905,0.04981,0.861
0.0001325,0.032,0.8632
0.0001096,0.03084,0.8978
0.0001622,0.05014,0.8879
0.0002207,0.04183,0.814
0.0001348,0.03578,0.8833
0.0002853,0.0331,0.7594
0.0001097,0.03425,0.9004
9.546e-05,0.02175,0.9001
0.0001777,0.04007,0.8615
9.35e-05,0.03306,0.9251
0.0002453,0.04467,0.8225
0.0001662,0.04014,0.8675
0.0001534,0.03683,0.8472
0.0001785,0.03009,0.8136
8.486e-05,0.03604,0.9463
0.0002168,0.0321,0.8017
0.0001183,0.03428,0.8939
0.0001615,0.04039,0.8561
0.0001361,0.04356,0.8913
0.0001312,0.05365,0.9108
0.0003192,0.05189,0.7883
0.0001111,0.03488,0.897
0.0001403,0.03912,0.8881
0.0003329,0.05553,0.7933
0.0001366,0.02798,0.8584
0.0001812,0.03766,0.8366
0.0001324,0.04049,0.8925
0.0001447,0.02636,0.8424
0.0002231,0.03905,0.8049
0.0001596,0.03289,0.8547
0.0001067,0.0332,0.8974
0.000258,0.047,0.8116
0.0001347,0.02653,0.8612
0.0002397,0.0537,0.8429
8.791e-05,0.02575,0.9084
0.0002339,0.04717,0.8403
0.0002351,0.04964,0.8234
0.0002088,0.03605,0.8193
0.0001415,0.02497,0.8518
0.0002289,0.06091,0.858
0.0001889,0.04882,0.8695
0.0001471,0.04644,0.8887
0.0001531,0.03189,0.8517
0.0002377,0.04812,0.8209
0.0003924,0.05902,0.7813
0.0001795,0.03179,0.8349
0.000314,0.06885,0.8237
0.0001612,0.04228,0.8659
0.0001308,0.03499,0.8787
0.000101,0.04041,0.9302
0.000195,0.04002,0.8273
0.0002613,0.07417,0.8621
6.77e-05,0.03899,0.9739
0.0001269,0.04277,0.8903
0.0001931,0.03777,0.8299
0.0001933,0.05011,0.8699
0.0001291,0.03761,0.8933
0.0001837,0.03948,0.8443
9.677e-05,0.04022,0.9427
0.0001161,0.03333,0.8953
0.0002353,0.0343,0.7948
0.0002716,0.06526,0.8428
0.0001103,0.03233,0.904
0.0001581,0.03096,0.8457
0.0001566,0.03853,0.8664
0.0002353,0.04671,0.8283
6.901e-05,0.04702,1.002
0.0001811,0.02775,0.8271
0.000179,0.03445,0.8335
0.0002178,0.05296,0.8445
0.0002204,0.0416,0.813
0.0001338,0.03542,0.8898
0.0001245,0.03584,0.8743
0.0001269,0.03316,0.8891
0.0001268,0.03302,0.8798
8.62e-05,0.02819,0.9221
0.0001696,0.04962,0.8711
0.0001993,0.03799,0.8334
0.0001581,0.04542,0.884
0.0002611,0.05054,0.8161
0.0001959,0.02269,0.782
0.0001576,0.02764,0.8328
0.0001415,0.03437,0.8695
0.0001134,0.03428,0.8828
0.0002373,0.03867,0.8041
0.0001247,0.04151,0.9031
0.0002027,0.03672,0.8331
0.0003332,0.04501,0.7723
0.0002148,0.03474,0.8015
0.0001311,0.03873,0.9146
0.000197,0.0313,0.8228
0.0001284,0.0485,0.9334
0.0001281,0.03281,0.8696
0.000211,0.0498,0.847
0.000169,0.05294,0.8865
0.0001002,0.04205,0.9339
0.0001751,0.03457,0.8399
8.928e-05,0.04018,0.9553
0.000146,0.02816,0.8344
0.0003612,0.05918,0.7717
0.0002317,0.04998,0.8268
0.0002112,0.066,0.8701
0.0001765,0.05156,0.8702
0.0002155,0.03936,0.8164
0.0002097,0.04485,0.8538
0.0001561,0.03197,0.8341
0.0001233,0.0338,0.8875
0.0001502,0.03704,0.8734
8.919e-05,0.02649,0.9031
0.0001786,0.04065,0.847
0.0001178,0.03195,0.8859
0.0001831,0.02725,0.8243
0.0001399,0.0274,0.8539
0.0003157,0.05072,0.7873
0.0001137,0.03861,0.9045
0.0003284,0.02907,0.7409
9.284e-05,0.04257,0.9406
0.0001653,0.03051,0.8511
0.000224,0.03901,0.8122
0.000116,0.0348,0.8965
7.685e-05,0.03872,0.9589
0.0002759,0.04907,0.8106
0.0003257,0.05994,0.7988
0.0001788,0.0291,0.8286
0.0001827,0.04286,0.849
0.0001945,0.02615,0.7932
0.0002532,0.03697,0.791
0.0001687,0.03769,0.8626
0.0001551,0.03457,0.8537
0.0001341,0.04983,0.9064
0.0002726,0.04641,0.8025
0.0001251,0.03242,0.8902
9.378e-05,0.03228,0.9176
0.000204,0.04228,0.844
0.0001878,0.0484,0.8594
0.0001217,0.02634,0.8657
0.0001058,0.03175,0.8945
0.0001515,0.05409,0.9045
0.0001647,0.03743,0.8659
0.0001589,0.03382,0.8601
0.0001365,0.03162,0.8587
0.0002019,0.05158,0.8368
0.000231,0.06037,0.8592
0.0001167,0.04051,0.9102
0.0001298,0.03274,0.883
0.000176,0.04818,0.8616
0.0001452,0.02676,0.8461
0.0001502,0.0379,0.873
0.0002096,0.02656,0.8077
0.000126,0.03432,0.8898
0.0001647,0.05251,0.8983
0.0001618,0.03726,0.8555
0.0001635,0.03782,0.8608
0.0001174,0.04151,0.9057
7.002e-05,0.03464,0.9773
0.0002078,0.04424,0.8486
0.0002528,0.04767,0.8327
0.0001175,0.03419,0.9006
0.0002074,0.04125,0.8162
0.0001739,0.04816,0.8679
0.0002404,0.03854,0.8116
0.0001895,0.03588,0.8403
0.0001117,0.02763,0.8658
0.0002026,0.0499,0.8358
5.765e-05,0.02374,0.9719
0.0001342,0.0337,0.8789
0.0002135,0.04969,0.8337
0.0001746,0.04525,0.8681
0.0001054,0.02695,0.8862
0.0001335,0.03312,0.8791
0.0001478,0.03755,0.8626
0.0001712,0.03949,0.8554
0.0001215,0.03648,0.8984
0.0002247,0.05705,0.8519
0.000101,0.03265,0.9195
0.0001328,0.03998,0.8924
0.0002622,0.0451,0.8083
0.0001897,0.03503,0.8317
0.0001383,0.0396,0.8849
0.0001309,0.02761,0.8691
0.0001811,0.03226,0.8271
0.0001415,0.03298,0.8499
0.0002275,0.06211,0.8538
0.0002426,0.03978,0.8038
0.0002522,0.05365,0.8131
0.0001204,0.03212,0.8818
0.0003324,0.05655,0.7937
0.000188,0.03936,0.8407
0.0002337,0.03002,0.7927
0.0002046,0.03754,0.8291
0.0001774,0.0515,0.8753
0.0003038,0.04489,0.794
0.0001713,0.04725,0.8734
0.0003059,0.03343,0.7578
0.0001973,0.04131,0.8336
0.0002475,0.03685,0.7971
8.939e-05,0.02662,0.9078
0.0001695,0.03999,0.864
0.0001398,0.0312,0.8555
0.000112,0.03062,0.8896
0.0001413,0.03592,0.8657
0.0002605,0.04651,0.8023
8.647e-05,0.02709,0.9237
0.000255,0.04681,0.8219
0.0002083,0.03163,0.8072
0.0002844,0.04014,0.7853
0.000172,0.04083,0.8667
0.0001646,0.03945,0.8705
0.0003009,0.07965,0.8502
8.698e-05,0.02799,0.9326
0.000196,0.03232,0.8213
0.0001818,0.03976,0.84
0.0001218,0.07013,0.9583
0.0001503,0.0416,0.878
0.0001598,0.03467,0.8601
0.0001428,0.03192,0.8512
0.0002529,0.05074,0.8124
0.0003061,0.05265,0.7889
0.0001776,0.0417,0.8458
0.0002972,0.0497,0.7959
0.0001434,0.0396,0.8815
0.0002641,0.02938,0.7657
0.0002042,0.03747,0.8265
0.0001645,0.03939,0.8684
0.0002156,0.07507,0.8867
0.0001006,0.05355,0.9462
0.0002104,0.0328,0.8052
0.0002007,0.04398,0.8508
0.0001816,0.0344,0.8253
0.0001918,0.02763,0.796
0.0003431,0.03631,0.7511
0.0001072,0.03914,0.9199
0.0003009,0.05565,0.8045
9.454e-05,0.0575,0.9658
0.0001722,0.04714,0.862
0.0001634,0.02737,0.8288
0.0002581,0.04586,0.8061
0.0001076,0.03956,0.9218
0.0001042,0.03957,0.9243
0.0001673,0.04305,0.8681
0.0001787,0.05358,0.8792
0.0002129,0.05276,0.8551
0.0002689,0.04485,0.7928
0.0001465,0.03936,0.8779
0.0001529,0.02771,0.8433
0.0002174,0.03981,0.8135
0.000142,0.03567,0.87
8.235e-05,0.04168,0.9583
0.0001538,0.02112,0.8295
0.0001342,0.03445,0.8771
0.000164,0.03983,0.866
6.963e-05,0.03431,0.9705
0.0001403,0.031,0.8678
0.0001101,0.05755,0.9584
0.0001123,0.03278,0.893
0.0002422,0.03911,0.8138
8.563e-05,0.02852,0.9116
0.0001628,0.04843,0.8854
0.0001007,0.03862,0.9256
0.0002062,0.04539,0.8398
0.0001367,0.02775,0.852
0.0002081,0.04878,0.8469
0.0002582,0.06015,0.8394
0.0001925,0.03153,0.8081
0.0001697,0.04684,0.8727
9.639e-05,0.03561,0.9258
0.0002146,0.02917,0.7891
9.942e-05,0.02653,0.9036
0.000142,0.0413,0.8877
0.0001141,0.04168,0.9089
0.0002492,0.05649,0.8484
8.559e-05,0.02268,0.9133
9.912e-05,0.03452,0.9221
0.0001753,0.02775,0.8119
0.0001676,0.04654,0.8695
0.000175,0.06323,0.8989
0.00026,0.04716,0.8114
9.127e-05,0.02342,0.8945
0.0002874,0.04765,0.7943
0.0001537,0.03987,0.8761
0.0001022,0.02641,0.8986
0.0001867,0.03073,0.8226
0.0001817,0.04002,0.8521
0.0001464,0.03422,0.8733
0.0001877,0.05119,0.8663
0.0003358,0.04502,0.7704
0.0001855,0.0469,0.8618
0.0001429,0.04141,0.8948
0.0003414,0.03757,0.7516
0.0001081,0.03331,0.9007
9.094e-05,0.03343,0.927
0.0002883,0.04375,0.7853
7.863e-05,0.02719,0.9327
0.0002899,0.07954,0.8513
0.0002079,0.04684,0.8516
0.0001868,0.04601,0.868
0.0001359,0.03481,0.883
0.0001903,0.03989,0.8357
0.0002202,0.04948,0.8418
0.0001036,0.03375,0.9033
9.918e-05,0.03299,0.9134
0.0001602,0.05014,0.8823
0.0001415,0.04056,0.8831
0.000135,0.03282,0.8698
0.0001462,0.047,0.8925
0.0001584,0.03913,0.8633
9.889e-05,0.02784,0.9056
0.0001189,0.03937,0.9021
8.652e-05,0.04044,0.9535
0.0002851,0.05298,0.8167
0.0001585,0.0378,0.8554
0.0003111,0.06,0.8135
0.0001082,0.03995,0.9105
0.0001393,0.04047,0.884
0.0002104,0.03981,0.8095
0.0003303,0.05175,0.7854
0.0001669,0.04273,0.865
0.0002106,0.04507,0.8376
0.0001482,0.0476,0.8946
5.533e-05,0.0341,1.003
0.0002059,0.04769,0.8475
0.0003948,0.04528,0.7457
0.0001205,0.02863,0.8734
0.0001768,0.03476,0.834
0.0002097,0.06377,0.8606
0.0002086,0.04139,0.8177
0.0002165,0.04107,0.8174
0.0002725,0.05226,0.818
0.0002055,0.04038,0.8355
0.0001174,0.03128,0.8885
0.0002448,0.05795,0.8314
0.0001899,0.04029,0.8451
0.000139,0.04813,0.9038
0.0001677,0.04812,0.8808
0.0001378,0.03307,0.8837
0.0002334,0.0479,0.8301
0.0001181,0.03235,0.8871
9.087e-05,0.02549,0.9174
6.423e-05,0.02269,0.9577
0.0002305,0.04162,0.8215
0.0002132,0.04031,0.8376
0.0002318,0.04798,0.8272
0.0001483,0.03273,0.862
0.0001039,0.02787,0.9015
0.0002431,0.04903,0.822
0.0001704,0.03394,0.8404
0.0001378,0.03679,0.8752
0.0001863,0.03934,0.8425
7.314e-05,0.02746,0.9434
0.0001444,0.03347,0.8601
0.0001215,0.0279,0.8757
0.0001325,0.04793,0.9065
0.0002843,0.04039,0.7785
0.000176,0.04167,0.8559
0.0002341,0.04161,0.8061
0.0001588,0.03129,0.8544
8.71e-05,0.02374,0.9156
0.0001575,0.03346,0.8503
0.0003277,0.04514,0.79
0.0002219,0.04324,0.8233
0.0002156,0.04228,0.8232
0.0001118,0.03612,0.9195
0.00021,0.03854,0.8207
0.0001632,0.03823,0.8657
0.0001371,0.03336,0.8699
5.381e-05,0.03267,1.013
0.0001455,0.03934,0.8731
0.000161,0.03742,0.8479
0.000268,0.04421,0.8083
0.0001393,0.03355,0.8669
0.0001013,0.03787,0.9175
0.0001313,0.02761,0.8603
0.000245,0.04111,0.8096
0.000441,0.05912,0.7563
0.000133,0.03253,0.8791
7.131e-05,0.02249,0.9314
0.0001606,0.03146,0.8448
0.0002462,0.06123,0.8444
0.0001054,0.05298,0.9662
5.46e-05,0.03127,0.9818
0.0002576,0.04566,0.8155
0.0002505,0.04824,0.8188
0.0001935,0.04284,0.8373
7.029e-05,0.0263,0.9388
0.0002654,0.05992,0.8338
0.0001534,0.04125,0.8781
0.0002892,0.04983,0.7917
0.0001754,0.03939,0.8555
0.0001288,0.03974,0.8982
0.0001017,0.02341,0.8763
0.0001016,0.04076,0.9241
9.404e-05,0.04051,0.943
0.0001477,0.03241,0.8646
0.0002213,0.06295,0.8627
0.0003313,0.03928,0.7479
0.0002831,0.05193,0.8062
0.0003396,0.05766,0.8022
0.0001994,0.04103,0.8323
0.0003395,0.05722,0.798
0.0002239,0.03975,0.816
0.0001154,0.02611,0.8584
0.000178,0.04096,0.8551
0.0002307,0.04128,0.804
0.0002266,0.03299,0.7966
8.925e-05,0.03293,0.935
0.0001794,0.05252,0.87
0.0002123,0.04027,0.8238
0.0001507,0.03724,0.8607
0.0001013,0.03645,0.9201
0.0001112,0.0235,0.8751
0.0002994,0.05197,0.7876
0.0001081,0.02857,0.8849
0.0001636,0.03992,0.8447
0.0003845,0.05613,0.7723
0.00013,0.03348,0.8725
0.0001333,0.03282,0.8725
0.0002204,0.04044,0.8096
7.29e-05,0.02629,0.9437
0.0003095,0.04111,0.7791
0.0001674,0.03338,0.8516
0.0001696,0.0521,0.8878
8.792e-05,0.0351,0.9391
8.571e-05,0.03653,0.9442
0.0001877,0.03333,0.8375
6.738e-05,0.03338,0.9745
0.0001422,0.0305,0.8653
0.0001551,0.04835,0.8954
0.0001717,0.03892,0.8493
0.0001987,0.04929,0.8631
0.0001838,0.03262,0.8255
9.116e-05,0.0319,0.9276
9.697e-05,0.04259,0.9426
0.0001429,0.02651,0.8525
0.0001714,0.03951,0.8547
0.0002482,0.05336,0.8428
0.0001746,0.0426,0.8684
0.0002476,0.04811,0.8062
0.0001482,0.02993,0.8522
0.0002492,0.0601,0.8463
0.0001177,0.03261,0.8934
0.0001321,0.03293,0.8747
0.0001516,0.03337,0.8489
0.0003426,0.0641,0.8081
0.0001578,0.03804,0.8671
8.915e-05,0.03043,0.9344
0.0003234,0.05715,0.8016
0.0001188,0.02713,0.8635
0.00015,0.04677,0.8832
0.000388,0.06245,0.7882
0.0001474,0.04347,0.8811
0.0001484,0.0406,0.8738
0.0002108,0.04979,0.8557
0.0002794,0.05791,0.8231
0.0001708,0.05145,0.883
9.696e-05,0.02924,0.9082
0.0001569,0.02636,0.8257
0.0001342,0.028,0.8541
0.0001209,0.03275,0.9003
0.000148,0.03194,0.8573
0.0002456,0.05055,0.8199
0.0001796,0.04661,0.8713
0.0001238,0.03338,0.8925
0.0001455,0.03903,0.866
8.671e-05,0.03909,0.9378
0.0001059,0.03196,0.911
0.0001505,0.05024,0.8997
0.0001703,0.04103,0.8493
0.0001226,0.03773,0.8936
0.0001376,0.02309,0.8312
0.0001194,0.03346,0.8811
0.00019,0.03298,0.8277
0.0001552,0.04201,0.8679
9.889e-05,0.04281,0.9468
0.0001949,0.03926,0.8201
9.724e-05,0.03216,0.9122
0.0001263,0.03259,0.8715
0.0002278,0.0473,0.8249
0.000107,0.0321,0.902
0.0001444,0.03237,0.8689
0.0001516,0.03887,0.8788
0.0002041,0.04011,0.8347
0.0002479,0.03684,0.7946
0.0001476,0.03218,0.8594
0.0003045,0.04102,0.7638
0.0002124,0.03815,0.8224
7.379e-05,0.0331,0.9568
0.0003866,0.05907,0.7913
9.52e-05,0.02662,0.9076
4.756e-05,0.02767,1.003
0.0001777,0.03727,0.8339
0.0001773,0.03671,0.8418
5.762e-05,0.03178,0.9822
0.0001912,0.0467,0.8525
0.0001354,0.03406,0.8779
0.0002515,0.0464,0.8178
0.000124,0.04044,0.9023
0.0002202,0.04128,0.8266
0.0001612,0.04828,0.8715
0.0002701,0.04454,0.8079
0.0001358,0.02593,0.8618
0.0001755,0.04544,0.8604
0.0002072,0.04612,0.8512
9.494e-05,0.03427,0.9262
0.0001799,0.03121,0.8244
0.0001477,0.03211,0.8517
0.0001536,0.05345,0.8915
9.73e-05,0.02849,0.8893
6.863e-05,0.03488,0.9808
0.0002346,0.047,0.8242
0.000269,0.06598,0.838
0.0001139,0.03139,0.9074
0.0001449,0.02816,0.8425
0.0001965,0.04494,0.847
0.000153,0.05872,0.9143
0.0003336,0.05587,0.7907
0.0001418,0.03224,0.8699
0.0001216,0.03391,0.8896
0.0001866,0.0485,0.8728
0.0001607,0.0421,0.8666
0.0001752,0.04255,0.847
0.0001861,0.03863,0.8372
0.000147,0.04095,0.8803
9.724e-05,0.03454,0.921
0.0002539,0.03399,0.775
0.0001011,0.03405,0.9093
0.0001542,0.03295,0.8608
0.0001145,0.035,0.914
0.000146,0.03418,0.851
0.0002911,0.06058,0.823
0.0001594,0.03137,0.8443
0.0004009,0.0605,0.7712
0.0001715,0.03331,0.8427
0.0003298,0.04704,0.775
9.643e-05,0.02711,0.8968
0.0001386,0.03357,0.8874
0.0001943,0.062,0.8783
0.0001426,0.03985,0.8776
0.000226,0.04754,0.8305
0.0001262,0.03702,0.8963
0.0001339,0.04038,0.8914
0.0001468,0.0439,0.8952
0.000115,0.03365,0.8795
0.0001225,0.03975,0.909
0.0001583,0.03275,0.8431
0.0001456,0.04116,0.8859
0.0001905,0.05838,0.8753
9.697e-05,0.02877,0.9025
0.0001663,0.03549,0.8519
0.0002052,0.04037,0.8435
0.0002006,0.05872,0.8664
0.0003358,0.0501,0.7721
0.0002056,0.03245,0.8032
0.0001623,0.03416,0.8432
0.000182,0.03986,0.8546
0.0003544,0.05826,0.7816
7.638e-05,0.03303,0.9455
0.000346,0.04708,0.7743
0.0001292,0.0498,0.9225
0.0001065,0.04088,0.9324
0.0001883,0.04087,0.8296
0.0001751,0.03649,0.8327
0.0001406,0.03913,0.8831
0.0001026,0.04212,0.9525
0.0002115,0.04182,0.815
0.0001367,0.04646,0.9071
0.0002913,0.03983,0.7802
0.0001647,0.03151,0.838
0.0001288,0.03942,0.8921
0.0001436,0.033,0.872
0.0001335,0.05259,0.9161
0.000236,0.06655,0.858
7.268e-05,0.03298,0.9626
0.0001742,0.03959,0.862
0.0001646,0.03893,0.8499
0.0001077,0.04914,0.9441
0.0002806,0.04781,0.795
0.0002296,0.04351,0.8199
0.0001223,0.02687,0.8603
0.0001561,0.02603,0.8367
6.987e-05,0.03383,0.9746
8.446e-05,0.03249,0.9294
0.0001287,0.03238,0.8725
0.0002118,0.05549,0.8584
6.557e-05,0.03298,0.9682
0.0001934,0.04067,0.8431
0.0003714,0.03883,0.7439
9.894e-05,0.03165,0.9219
0.0001729,0.03249,0.8159
9.191e-05,0.02348,0.8945
0.0001985,0.04576,0.8501
0.0002721,0.03379,0.7769
0.0001587,0.03753,0.8578
0.0001843,0.03142,0.8183
9.353e-05,0.03414,0.9325
0.0001013,0.03438,0.9141
0.0001157,0.03141,0.8807
0.0001045,0.02855,0.8925
0.0001368,0.04078,0.8708
0.0002445,0.03795,0.8005
0.0001297,0.03688,0.8891
0.0003837,0.07898,0.8134
0.0001198,0.03367,0.9047
0.0002039,0.05196,0.8567
0.0001273,0.03442,0.8763
0.0002465,0.03031,0.7744
9.297e-05,0.02803,0.9016
0.0003059,0.03781,0.7654
0.0001162,0.02601,0.8755
0.0001884,0.03456,0.8257
0.0001759,0.06168,0.8898
0.0001402,0.02807,0.8383
0.0001441,0.0263,0.8385
0.0001266,0.03414,0.8941
0.0001867,0.04011,0.8385
0.000153,0.03882,0.8738
0.000246,0.03872,0.8094
0.0001793,0.04095,0.8604
0.0002955,0.05885,0.8183
0.0001109,0.03187,0.9003
0.0002394,0.04884,0.8279
7.268e-05,0.0231,0.928
0.000139,0.05696,0.933
0.000321,0.05068,0.7923
0.0001502,0.03998,0.8802
0.0001183,0.027,0.8762
0.0001507,0.04804,0.888
0.0001477,0.0433,0.8834
0.0001894,0.0505,0.8594
0.0001812,0.04016,0.8567
0.0001858,0.04561,0.8575
0.0002795,0.03905,0.7779
0.0001635,0.03815,0.8449
0.0001885,0.04053,0.8409
0.0002927,0.04696,0.8003
0.0001212,0.02795,0.8679
0.0001789,0.03874,0.8456
0.0002393,0.04366,0.8215
0.0001126,0.02691,0.88
0.0001126,0.04409,0.9285
0.0001993,0.04385,0.8489
0.0002611,0.04883,0.8157
0.0001311,0.0511,0.9094
0.0001297,0.03418,0.8726
0.0001162,0.03459,0.8994
0.0001301,0.03457,0.8816
0.0001178,0.03298,0.8896
0.0001717,0.03196,0.8265
0.0001035,0.03458,0.9105
0.0002125,0.04089,0.8323
0.0001115,0.02629,0.8782
0.0001604,0.04736,0.8916
0.0001459,0.04644,0.8752
8.732e-05,0.0416,0.9446
0.0001727,0.02677,0.8217
0.0003231,0.05689,0.797
0.0001096,0.03881,0.9036
0.0001477,0.06674,0.9302
0.0002208,0.0489,0.8445
0.0001668,0.04155,0.8418
0.0001656,0.03321,0.8461
0.0002098,0.0403,0.8206
0.0001878,0.05115,0.8632
0.0002684,0.04576,0.7943
0.0001435,0.05143,0.8937
0.0002115,0.04776,0.8406
0.0001129,0.03191,0.9019
0.0002924,0.04499,0.7924
0.0001591,0.04903,0.8821
9.006e-05,0.05779,0.9748
0.0002076,0.06478,0.8841
0.0004318,0.0361,0.7072
0.0002349,0.05723,0.8589
0.0001486,0.03106,0.8566
7.803e-05,0.02813,0.9384
0.0002262,0.04343,0.819
0.0001513,0.03982,0.8822
8.146e-05,0.04381,0.9594
0.0001603,0.03072,0.8508
0.0002005,0.0366,0.8207
0.0001377,0.03112,0.8688
0.0001414,0.03402,0.859
0.0002661,0.0417,0.7931
0.0001651,0.03803,0.8601
0.0005196,0.07761,0.7585
0.00014,0.04748,0.9004
0.0001523,0.03011,0.849
0.0003026,0.05629,0.8115
0.0002551,0.03169,0.7667
0.000259,0.05106,0.8254
0.000129,0.03725,0.9018
9.862e-05,0.04113,0.9377
6.235e-05,0.02801,0.9685
0.0001197,0.03278,0.9122
0.0001331,0.05806,0.9186
0.0002063,0.05186,0.8577
0.0002413,0.06674,0.8594
0.0002575,0.03787,0.8109
0.0002112,0.03834,0.8189
0.000136,0.03804,0.8833
0.0002585,0.04963,0.8134
0.0001011,0.02629,0.8862
0.0002506,0.0519,0.8208
0.0001301,0.04024,0.8942
0.0001555,0.03995,0.8592
0.0003308,0.0361,0.7479
0.0001575,0.03882,0.8668
0.0001294,0.03992,0.8916
0.0001688,0.03931,0.8509
0.0001055,0.03291,0.9141
0.0002448,0.06081,0.8399
0.0001955,0.06131,0.8745
7.987e-05,0.04034,0.9653
0.0001189,0.04076,0.9023
0.0001392,0.03187,0.8712
0.0001854,0.03957,0.8368
0.0001026,0.02313,0.8932
8.525e-05,0.03957,0.9617
6.831e-05,0.02399,0.9395
9.204e-05,0.04069,0.9507
0.0001641,0.03324,0.846
0.0003258,0.06063,0.8095
0.0002137,0.03962,0.8149
0.0001195,0.04926,0.9366
0.0002964,0.05003,0.7933
6.397e-05,0.03941,0.9921
0.0002681,0.06187,0.8301
0.0001199,0.03268,0.8864
0.0002144,0.02758,0.7957
0.0001408,0.03488,0.8706
0.0001444,0.03062,0.8688
0.0002248,0.06176,0.8553
0.0001566,0.04828,0.8748
0.0001755,0.0319,0.8116
0.0003709,0.0461,0.7666
0.0002252,0.05125,0.8386
0.0001988,0.0305,0.8044
0.0001149,0.03387,0.8988
0.0001347,0.03129,0.8694
0.0001419,0.05589,0.8956
8.135e-05,0.02789,0.9243
0.0001092,0.0285,0.8911
0.0001629,0.032,0.843
0.0002336,0.06364,0.8469
0.0002157,0.03644,0.8079
0.0001689,0.04024,0.8523
0.0002239,0.03814,0.811
0.0001958,0.04957,0.8618
3.98e-05,0.02826,1.031
0.0001387,0.04992,0.9106
0.0001719,0.05049,0.8891
0.0002934,0.05496,0.8096
0.0001173,0.0273,0.8658
0.0001047,0.03198,0.8916
0.0001034,0.0356,0.9145
0.0001505,0.04334,0.8797
6.625e-05,0.033,0.9582
8.642e-05,0.02936,0.9228
0.0002769,0.04273,0.7912
9.724e-05,0.02921,0.9106
0.0001209,0.03543,0.889
0.0003078,0.04361,0.7667
0.0001622,0.03209,0.8442
0.0001743,0.03272,0.8399
0.0001417,0.03151,0.8637
0.0001244,0.04216,0.9013
0.0002663,0.04852,0.804
0.0002128,0.04113,0.8313
0.0002944,0.0527,0.8066
5.675e-05,0.02791,0.9809
0.0001327,0.03387,0.8783
0.0001104,0.03231,0.8921
0.0004053,0.06221,0.7825
0.0001063,0.04856,0.9497
0.0001606,0.04095,0.8641
0.0001478,0.03995,0.8701
8.704e-05,0.02762,0.9229
0.0001846,0.03759,0.8324
0.0002302,0.04816,0.8427
0.0001523,0.04517,0.8876
7.632e-05,0.03369,0.9502
0.0001365,0.03013,0.8663
0.0006408,0.07234,0.7156
0.0001408,0.03866,0.874
8.036e-05,0.03224,0.9506
0.0001429,0.03174,0.8475
0.0002271,0.03989,0.8224
0.0001464,0.05198,0.9046
0.0001967,0.03279,0.821
0.0001282,0.05216,0.9106
0.0001576,0.04029,0.8739
0.0001524,0.03914,0.8756
9.949e-05,0.04171,0.9363
0.0001029,0.04283,0.933
9.676e-05,0.03585,0.9234
0.0001818,0.03915,0.8527
0.0002604,0.04823,0.8231
0.0001276,0.03339,0.8813
0.0001155,0.05294,0.945
0.0001219,0.03733,0.9112
6.939e-05,0.03963,0.977
0.0001498,0.04184,0.8696
0.0001753,0.03358,0.8382
0.0002025,0.05886,0.8666
0.0001745,0.04195,0.8678
0.0002372,0.04238,0.8107
0.0002076,0.04749,0.8392
0.0003277,0.05057,0.79
9.451e-05,0.03974,0.936
0.0001607,0.04785,0.884
0.0003015,0.0377,0.7612
0.0001893,0.04296,0.8476
0.0001032,0.02732,0.8995
0.0001818,0.05178,0.8667
0.0002209,0.03636,0.8179
0.0002041,0.05331,0.8641
0.000161,0.04973,0.8885
0.000139,0.04045,0.891
0.0001508,0.03044,0.8722
0.0002008,0.05269,0.8532
0.0001543,0.03449,0.8502
0.0003022,0.06402,0.8264
0.0001351,0.05028,0.909
0.0001824,0.03884,0.8461
0.0002169,0.04546,0.8381
0.0001865,0.0472,0.8553
0.0002087,0.03787,0.8291
0.0001292,0.02683,0.8756
0.0001332,0.03419,0.8854
0.000151,0.0412,0.8603
0.0001774,0.03799,0.8448
0.0001519,0.03729,0.8566
0.0001287,0.03414,0.8638
8.573e-05,0.02738,0.908
0.000243,0.0619,0.8498
0.0001921,0.04687,0.8592
0.0002182,0.04891,0.8404
0.0001772,0.04938,0.8757
9.164e-05,0.02749,0.9126
0.0002052,0.03747,0.8378
0.0001656,0.03744,0.8648
0.0001738,0.02928,0.8329
0.0001074,0.02717,0.9028
0.0001741,0.0363,0.8505
0.0001153,0.03451,0.8994
0.0001205,0.03476,0.8902
0.0002558,0.054,0.8228
0.0001034,0.05743,0.9534
9.828e-05,0.04075,0.9285
0.0001232,0.03064,0.8779
0.0002735,0.0488,0.8027
9.298e-05,0.04255,0.9525
0.0001543,0.05461,0.8989
5.233e-05,0.03589,1.013
0.000126,0.03324,0.8767
0.0002442,0.03937,0.8017
0.000158,0.04433,0.8702
0.0002629,0.03829,0.7838
0.0001465,0.04779,0.8873
9.253e-05,0.03396,0.9327
0.0002613,0.05034,0.8132
0.0002577,0.0463,0.8163
0.0002159,0.05224,0.8496
0.0001168,0.0359,0.9104
0.0001966,0.04511,0.8396
0.0001399,0.03344,0.8724
0.0002008,0.04877,0.845
0.0001622,0.03399,0.8422
0.0001334,0.04924,0.9006
0.0001201,0.0337,0.8961
0.0001573,0.03141,0.8434
0.0001492,0.05024,0.9139
0.000121,0.05158,0.9256
0.000152,0.03398,0.8614
0.0001863,0.05076,0.8643
0.0002741,0.03773,0.7883
0.0002179,0.03781,0.8107
0.000203,0.04928,0.8382
0.0001452,0.03169,0.8577
0.0002944,0.05054,0.7938
0.0002108,0.04259,0.8324
0.0002897,0.04358,0.7969
9.997e-05,0.03266,0.9132
0.0001734,0.03235,0.8352
0.0001803,0.04119,0.8501
0.0003183,0.03939,0.7627
0.0002333,0.03886,0.8041
0.0001046,0.03953,0.9271
0.0001531,0.04848,0.894
0.0001774,0.04017,0.8456
0.0001762,0.03901,0.841
0.0001323,0.03218,0.883
6.593e-05,0.02258,0.9346
0.0001714,0.03657,0.856
0.0001452,0.03465,0.8583
0.0001414,0.0325,0.8675
0.0001038,0.03948,0.9326
0.0001461,0.02848,0.8455
0.0001318,0.04099,0.902
0.0001807,0.03298,0.834
0.0001931,0.03959,0.8437
0.000181,0.03443,0.8194
0.0002187,0.06581,0.8664
0.0002117,0.03183,0.8072
0.0001513,0.03172,0.8559
0.0001825,0.05376,0.8707
0.0002553,0.04656,0.8203
0.0001804,0.04184,0.8395
0.0001659,0.04561,0.88
0.0001442,0.0563,0.9215
8.106e-05,0.03759,0.9585
0.0002558,0.04048,0.8048
0.0001168,0.03625,0.8932
0.0002038,0.03931,0.8292
0.0002345,0.04568,0.8091
0.0002547,0.03792,0.7932
0.0002212,0.03199,0.7987
0.0003242,0.0462,0.7879
9.516e-05,0.03373,0.9125
0.0001655,0.03049,0.843
7.12e-05,0.02273,0.928
0.0001966,0.03746,0.8355
0.0001193,0.03128,0.8845
0.0001477,0.03236,0.8635
0.0001213,0.05185,0.9238
0.0001504,0.04663,0.8811
0.0001691,0.03739,0.8653
0.0001328,0.03384,0.8757
0.0001926,0.02593,0.7962
0.000231,0.04235,0.8076
0.0001578,0.03861,0.8511
9.334e-05,0.02778,0.9128
0.0002674,0.06138,0.8462
0.0002493,0.04669,0.8201
0.0001785,0.04347,0.854
0.0002587,0.05123,0.8292
0.0002614,0.04018,0.8015
0.0001542,0.03485,0.8532
0.0001247,0.03255,0.872
0.0001977,0.03355,0.8129
0.0001437,0.03109,0.8534
8.38e-05,0.05085,0.9729
0.0001556,0.03762,0.8594
0.0002472,0.05067,0.8288
0.0001673,0.03433,0.8443
0.0001048,0.02843,0.8981
0.0002301,0.03762,0.8055
9.267e-05,0.03341,0.9244
0.0001326,0.04062,0.8853
0.0001923,0.04141,0.8374
0.0001938,0.0388,0.8451
0.0001045,0.03719,0.9032
0.0001142,0.04201,0.9124
0.0001426,0.0406,0.8794
0.0001083,0.0279,0.8873
0.0001802,0.05449,0.8732
0.0001931,0.04929,0.8553
0.000119,0.0348,0.8901
0.0002336,0.04515,0.8218
0.0001474,0.0415,0.8862
0.0003326,0.04581,0.7804
0.000145,0.03207,0.8704
0.0001414,0.03232,0.8623
0.0001024,0.03256,0.9083
0.0002444,0.0391,0.7974
0.0001575,0.03192,0.863
0.0002931,0.05798,0.8066
0.0002034,0.03424,0.8126
0.0001986,0.0389,0.8321
4e-04,0.06259,0.789
0.0002832,0.04546,0.789
0.0001779,0.04764,0.8708
0.000144,0.04599,0.8923
0.0001597,0.03767,0.8565
7.88e-05,0.034,0.9525
0.0001798,0.04906,0.8666
0.000261,0.03903,0.7943
0.0001593,0.03124,0.8429
0.0001501,0.02796,0.8441
0.0002069,0.03294,0.8085
0.0001179,0.0409,0.913
0.0001321,0.03229,0.8774
0.0001867,0.03172,0.8238
0.0001901,0.0337,0.8186
0.0001834,0.04099,0.8479
0.0002956,0.05533,0.7911
0.0001107,0.02798,0.8927
0.0001388,0.03626,0.8819
0.0002138,0.04572,0.8326
8.779e-05,0.03519,0.936
0.0002366,0.03911,0.8129
0.0002998,0.06289,0.8216
0.0001447,0.02682,0.8384
9.978e-05,0.03653,0.923
0.0002711,0.03812,0.7761
0.0002206,0.03675,0.8329
0.0001796,0.05075,0.8744
0.0001841,0.04907,0.8659
0.0002879,0.04875,0.8134
0.0001204,0.03359,0.9017
9.021e-05,0.02358,0.9034
0.0001553,0.0325,0.8536
0.0001739,0.03611,0.833
0.0001573,0.04822,0.8725
0.0001373,0.02901,0.8433
0.0001744,0.03856,0.8517
0.0001665,0.04365,0.866
0.0002927,0.03643,0.7583
0.0001512,0.04054,0.8748
0.0001763,0.04137,0.8456
0.0001425,0.04748,0.8957
0.0002877,0.04906,0.8071
0.0001394,0.03946,0.8754
0.0001693,0.04713,0.8623
0.0001964,0.04365,0.8425
0.0002355,0.06104,0.8504
9.008e-05,0.02369,0.9088
0.0001046,0.04899,0.9481
0.000252,0.03131,0.7885
0.0001735,0.04866,0.8539
0.0001276,0.04008,0.8924
8.369e-05,0.04115,0.9545
0.0001883,0.03861,0.8317
0.0001981,0.03124,0.8063
0.0002003,0.06381,0.8832
0.0003132,0.05109,0.7939
0.0002603,0.03635,0.795
0.0002066,0.06046,0.8771
0.0001587,0.0404,0.8618
0.0001231,0.05087,0.9343
0.0001962,0.03875,0.8408
0.0002663,0.03982,0.7891
0.000219,0.0469,0.8416
0.0001602,0.04924,0.8879
0.0001601,0.03865,0.852
0.0001877,0.03338,0.8191
0.0002342,0.02934,0.7845
0.0001351,0.03173,0.865
0.0003496,0.05909,0.8018
0.000167,0.03901,0.859
0.0001152,0.03724,0.8947
0.0001985,0.0383,0.8388
0.0002583,0.0512,0.8187
0.0002179,0.04184,0.8354
0.0002148,0.03351,0.7958
0.0001735,0.03251,0.8348
0.0001537,0.0321,0.8581
0.0002019,0.0412,0.8301
0.0002718,0.04187,0.7864
0.0004427,0.06567,0.7622
0.0001433,0.03228,0.8589
0.0001054,0.04172,0.9312
0.0002692,0.07467,0.8526
0.0001341,0.03954,0.8868
0.0002733,0.05039,0.8219
0.0001532,0.03764,0.8527
0.0002892,0.07477,0.8441
8.738e-05,0.02791,0.9197
0.0002201,0.03947,0.8283
0.0001212,0.04003,0.9147
0.0002141,0.04246,0.8319
0.0001152,0.03001,0.8781
0.0001298,0.0377,0.8786
0.0001429,0.03402,0.8672
0.0002245,0.04879,0.8279
0.0001489,0.02648,0.8375
0.0001328,0.04203,0.8956
0.0002034,0.03225,0.8104
0.0001129,0.03151,0.8899
7.819e-05,0.02832,0.9228
0.0001171,0.03637,0.915
0.0001418,0.04158,0.8941
0.0001814,0.03318,0.841
6.198e-05,0.0232,0.9485
0.0001606,0.04004,0.8712
0.0002361,0.04072,0.8207
0.0003113,0.07977,0.837
0.0001605,0.03226,0.8511
0.0001314,0.04058,0.8846
0.0001367,0.03532,0.8696
0.0001941,0.0487,0.8579
0.0001858,0.03232,0.8105
0.0001458,0.05157,0.8941
0.0003021,0.04163,0.7865
0.0002822,0.03939,0.7837
0.0003141,0.06427,0.8115
8.892e-05,0.04826,0.9579
0.0001012,0.03555,0.9172
7.865e-05,0.02788,0.9359
0.0001206,0.02909,0.8779
7.768e-05,0.0278,0.9317
0.0001832,0.03327,0.8225
0.0001457,0.04115,0.8726
0.00038,0.07985,0.8078
0.0003885,0.0503,0.7745
0.0001942,0.06115,0.8741
0.0001857,0.03602,0.8284
0.0002234,0.04951,0.8501
0.0002369,0.05534,0.8354
0.0001301,0.02568,0.8508
0.0001762,0.04064,0.8558
0.0001371,0.0327,0.8731
0.00012,0.0338,0.8886
0.0001683,0.04156,0.8572
0.0001939,0.05221,0.8629
0.000245,0.05391,0.8356
7.401e-05,0.0236,0.9335
0.0001879,0.03031,0.8107
0.0001952,0.04923,0.8595
0.0001578,0.03723,0.8721
0.0001425,0.03931,0.8823
5.308e-05,0.03403,1.004
7.457e-05,0.02748,0.9341
0.000122,0.03557,0.8965
0.0001551,0.04895,0.8839
0.0001421,0.04336,0.8952
0.00023,0.06673,0.8643
0.000106,0.03342,0.8906
0.000343,0.07823,0.8267
0.0001425,0.03478,0.8612
0.0001708,0.04087,0.8533
0.0002467,0.04876,0.8331
0.0002602,0.04949,0.8238
0.0002333,0.04194,0.8096
0.0002733,0.04307,0.7985
0.0001291,0.04618,0.9106
6.9e-05,0.0292,0.9608
0.0001807,0.03847,0.8564
0.0001224,0.02727,0.8873
0.0002188,0.04736,0.8451
0.0002071,0.03859,0.8229
0.0001898,0.04243,0.8588
0.0001327,0.02682,0.8541
0.0001105,0.02813,0.8856
0.0001902,0.03995,0.8359
0.0002593,0.03924,0.7915
0.0001289,0.03583,0.8971
8.589e-05,0.03382,0.9225
0.0002482,0.05412,0.8234
0.0001342,0.03614,0.8774
0.0001961,0.04118,0.832
0.0001842,0.04853,0.8642
0.000188,0.0468,0.8729
9.941e-05,0.03375,0.9167
0.0001631,0.04969,0.8772
0.000258,0.03888,0.797
0.0003467,0.05954,0.793
0.0002436,0.04594,0.8207
0.0002317,0.03993,0.817
0.0001032,0.02756,0.9057
8.194e-05,0.02811,0.9256
0.0002287,0.03739,0.8121
0.0001288,0.03153,0.8843
0.0001972,0.06582,0.9007
0.0001708,0.04527,0.8483
0.0001616,0.03854,0.8819
0.0001938,0.03802,0.8266
8.355e-05,0.03595,0.939
0.000138,0.02787,0.8594
0.0002235,0.04716,0.8221
0.000173,0.03303,0.8364
0.0001663,0.03767,0.8469
0.0002143,0.03867,0.8279
0.0003258,0.04756,0.7759
0.0001247,0.04063,0.8976
0.0001547,0.03441,0.8623
0.0001477,0.03869,0.8745
0.0001138,0.027,0.8791
0.0001249,0.03197,0.8767
0.0001536,0.0338,0.8631
0.0001688,0.04548,0.8648
0.0001934,0.04581,0.8563
0.0002996,0.06108,0.8122
0.0001016,0.03286,0.9176
9.65e-05,0.03812,0.9395
0.0001887,0.03313,0.8115
0.0001903,0.02735,0.8096
0.0001159,0.0335,0.8883
0.0001988,0.06341,0.8753
6.984e-05,0.02761,0.9496
0.0001578,0.03975,0.8726
0.0001219,0.04857,0.9139
0.0002005,0.04832,0.8436
0.0001161,0.02682,0.8723
4.919e-05,0.02868,0.9973
0.0001573,0.04287,0.8772
0.0002119,0.04087,0.8318
0.0001541,0.05207,0.8848
0.0001314,0.05081,0.9127
0.0001684,0.03056,0.8437
0.0002078,0.04203,0.8211
0.0001257,0.04045,0.9011
0.0001941,0.0466,0.8538
0.0002089,0.04138,0.8367
0.0001407,0.03278,0.8696
0.000124,0.03292,0.8749
0.0001808,0.03925,0.8495
0.0001262,0.02732,0.8701
0.0001907,0.04134,0.8391
8.339e-05,0.03251,0.9355
0.0002309,0.04175,0.7978
0.000161,0.02744,0.8173
0.0001206,0.02641,0.8768
0.0001686,0.03095,0.8246
0.0002247,0.05599,0.84
0.0003155,0.06905,0.8173
0.0001347,0.04827,0.9079
0.0001563,0.03492,0.862
0.0001271,0.04663,0.9225
0.0001249,0.05352,0.9202
0.0001816,0.03917,0.8446
0.0003502,0.05055,0.7837
0.0001717,0.04568,0.8694
0.0001318,0.02313,0.8459
0.00018,0.04595,0.857
0.0001003,0.03698,0.9267
0.0001238,0.05629,0.9416
0.0001794,0.03303,0.829
0.0001234,0.04371,0.9234
0.0001601,0.03387,0.8406
0.00027,0.06188,0.8351
0.0002016,0.04873,0.8439
0.0003165,0.04789,0.7845
0.0002132,0.03187,0.8136
6.484e-05,0.03333,0.9752
0.0002079,0.03377,0.8107
0.0001198,0.03431,0.8919
0.0001475,0.05309,0.9026
0.0001459,0.03436,0.867
2e-04,0.03902,0.8297
0.0001799,0.0322,0.8316
0.0001126,0.02844,0.8681
0.0002766,0.04865,0.8085
0.0001846,0.03,0.839
0.0001507,0.04126,0.8842
0.0001075,0.03207,0.894
0.0001315,0.0339,0.8884
0.0001691,0.03622,0.8476
0.0001969,0.04121,0.8368
0.0001116,0.03199,0.8887
0.0001901,0.03647,0.8377
0.0001096,0.04217,0.9181
7.822e-05,0.03325,0.9557
0.0002392,0.04594,0.825
0.0003388,0.03157,0.7319
0.0001886,0.05198,0.8647
0.0002766,0.05758,0.8262
0.0002163,0.07105,0.8708
0.0001513,0.03566,0.879
0.0001362,0.03048,0.863
9.078e-05,0.02811,0.924
0.0002895,0.04751,0.8025
9.78e-05,0.02686,0.8958
0.0001822,0.05196,0.8685
9.848e-05,0.04028,0.9332
0.0001639,0.05315,0.8916
0.0002745,0.03931,0.7858
0.0001697,0.04004,0.858
0.0003712,0.07335,0.8033
0.000188,0.04055,0.8559
0.0001167,0.04143,0.9073
0.0001661,0.03898,0.8569
0.0002234,0.03981,0.8175
0.0001613,0.03515,0.8607
0.0001928,0.03257,0.8308
0.0001153,0.03511,0.9
0.0002694,0.04173,0.7871
0.000173,0.04028,0.8543
0.0002772,0.03898,0.7888
0.0001497,0.04571,0.8825
0.0001854,0.03175,0.8338
0.0002147,0.03736,0.811
0.0002185,0.04804,0.846
0.0001211,0.04088,0.911
0.0003018,0.07925,0.8525
0.0001899,0.0337,0.8274
0.0001184,0.03897,0.8984
0.0001392,0.02299,0.8411
0.0001921,0.06309,0.8836
0.0002929,0.04811,0.8034
9.589e-05,0.03312,0.9256
0.000177,0.04099,0.8545
0.000262,0.03746,0.7771
0.0002445,0.08109,0.8784
0.0002182,0.05332,0.8514
0.0001416,0.03187,0.8655
0.0001512,0.04432,0.881
0.000107,0.03255,0.9068
0.0002779,0.03386,0.7692
0.0001243,0.04145,0.9081
0.0002524,0.04795,0.8258
0.0001141,0.03254,0.8944
0.0001881,0.04681,0.8595
0.00016,0.03258,0.8536
0.0001791,0.03418,0.8328
0.0001248,0.04114,0.9038
0.000214,0.04878,0.8436
0.0002178,0.03995,0.8143
9.616e-05,0.03178,0.9275
6.813e-05,0.02919,0.9433
0.0001931,0.04176,0.8426
0.000167,0.06231,0.8882
0.0001459,0.04899,0.8944
0.0001794,0.03215,0.8181
0.0001229,0.03328,0.8782
0.0002287,0.05636,0.8471
8.253e-05,0.02592,0.9247
0.000172,0.04191,0.8652
0.0001322,0.0286,0.8642
0.0002426,0.04838,0.8243
0.0002364,0.04927,0.8432
7.375e-05,0.03194,0.9562
0.0001479,0.04055,0.8784
0.0001491,0.041,0.8888
8.569e-05,0.03984,0.9487
0.0001437,0.03314,0.8557
0.0002205,0.03809,0.8122
0.0001031,0.04035,0.9295
8.559e-05,0.03368,0.945
0.0002529,0.04061,0.7981
0.0001343,0.02759,0.8582
7.432e-05,0.04074,0.979
8.307e-05,0.03496,0.9439
0.0002535,0.05066,0.8184
0.0002606,0.06587,0.8478
0.0001519,0.03939,0.8775
0.0001171,0.03543,0.8976
0.0002267,0.05237,0.8414
0.0001585,0.03834,0.8595
0.0002543,0.05239,0.8217
0.0002768,0.06274,0.8271
0.0002364,0.05101,0.8242
0.000136,0.03265,0.8707
0.0002675,0.05077,0.8165
0.0002011,0.06695,0.8787
0.0001551,0.04204,0.8704
8.087e-05,0.04054,0.9577
0.0001973,0.0508,0.8599
9.877e-05,0.04365,0.9424
0.0002083,0.02165,0.7675
8.126e-05,0.04177,0.9578
0.0001869,0.02807,0.8126
0.0002386,0.04641,0.8159
0.0002239,0.05151,0.8502
0.0001325,0.04839,0.9
0.0001367,0.04251,0.8939
0.0001302,0.04582,0.9156
0.0001759,0.04922,0.8706
0.0001906,0.02849,0.8099
0.0002228,0.04794,0.8246
0.0001259,0.03237,0.8742
0.0001802,0.0414,0.8575
0.0001924,0.04221,0.8484
9.438e-05,0.0348,0.9255
0.0002448,0.0473,0.8246
8.95e-05,0.02694,0.9125
0.0002015,0.05096,0.8528
0.0001069,0.04014,0.9287
0.0001655,0.03922,0.8471
0.0001814,0.03913,0.8394
0.0002498,0.04356,0.8046
0.0002307,0.04501,0.8298
7.169e-05,0.04046,0.9667
0.000224,0.04847,0.8144
0.0001186,0.03936,0.9048
0.0002451,0.03986,0.8078
0.0001985,0.04607,0.8596
0.0002189,0.04569,0.827
0.0001588,0.02888,0.8281
8.531e-05,0.04117,0.9624
0.0001229,0.02749,0.8691
0.0001568,0.04685,0.8813
5.959e-05,0.02345,0.9634
0.0002226,0.04106,0.8076
0.0001679,0.05074,0.8725
0.0001714,0.04847,0.8641
0.000216,0.03604,0.8188
0.0001549,0.03242,0.8448
0.0002123,0.04955,0.8384
0.0001796,0.04056,0.8628
0.0001483,0.03696,0.8755
0.0001985,0.03786,0.8414
0.0001485,0.02657,0.8362
0.0003241,0.0614,0.8001
0.0001544,0.03309,0.8495
0.0002729,0.05836,0.8296
9.26e-05,0.03069,0.9291
0.0002438,0.05431,0.83
0.000198,0.03645,0.8305
9.907e-05,0.03401,0.919
0.0001249,0.04141,0.9076
0.0002212,0.04346,0.8284
0.0001582,0.04328,0.8603
0.0001463,0.04079,0.8769
8.588e-05,0.03274,0.9311
0.0002035,0.04196,0.835
0.0002717,0.05707,0.8187
0.0001607,0.03914,0.8506
0.0002241,0.04682,0.8292
0.0001407,0.03101,0.86
0.000264,0.05007,0.8173
0.0002247,0.03944,0.8144
0.000186,0.03054,0.8182
9.642e-05,0.03241,0.9179
0.0002287,0.04133,0.828
0.0001146,0.03973,0.9179
0.0001196,0.03508,0.8843
0.0001116,0.03886,0.9048
0.0002176,0.05455,0.8526
0.0001316,0.03604,0.8822
0.000335,0.04735,0.7752
0.0001585,0.03423,0.8527
0.0001862,0.03701,0.8402
0.0001051,0.0358,0.9258
0.0001951,0.03258,0.811
0.0001403,0.03708,0.8881
0.0001257,0.03186,0.8805
0.00021,0.03789,0.8238
0.0002376,0.0523,0.8291
0.0004747,0.04924,0.7351
0.0002903,0.06369,0.8261
0.0001349,0.03554,0.8803
0.0002347,0.04086,0.8145
0.0002799,0.04727,0.8086
0.0001327,0.03681,0.8773
0.0003116,0.0609,0.8005
0.0002182,0.06652,0.8715
0.0001408,0.02727,0.8433
0.0001613,0.04016,0.8659
9.191e-05,0.03427,0.9272
0.0003082,0.03199,0.7476
0.0001997,0.04009,0.8416
0.0001315,0.03265,0.8791
0.0001864,0.04848,0.8583
0.0002022,0.04129,0.8495
0.0001314,0.02807,0.8662
7.643e-05,0.02726,0.9513
0.0001409,0.04887,0.8956
0.0001844,0.05925,0.8871
0.0002161,0.04189,0.8133
0.0002182,0.03987,0.8142
0.0003359,0.04821,0.7751
0.0001893,0.03748,0.8348
0.0001535,0.0349,0.8526
0.0002152,0.05723,0.8511
7.253e-05,0.02927,0.9512
0.0001135,0.03324,0.8974
0.0002143,0.0382,0.827
0.0002792,0.04169,0.7824
0.0001696,0.03691,0.8512
0.0002157,0.04911,0.8455
0.0002057,0.04748,0.8568
0.0001242,0.0277,0.8764
0.0001806,0.04441,0.8571
0.0002427,0.05176,0.8307
8.512e-05,0.03289,0.9335
0.0001312,0.03763,0.8796
0.0002363,0.04904,0.8278
0.000213,0.05052,0.8302
0.000156,0.03479,0.852
0.0002136,0.04175,0.8175
0.0001513,0.04322,0.8834
0.0001133,0.03864,0.9093
4.21e-05,0.02765,1.018
0.0002185,0.06622,0.8717
4.579e-05,0.0265,1.003
5.068e-05,0.03715,1.011
0.0001775,0.0428,0.8541
0.0001018,0.02587,0.8954
0.0001329,0.05716,0.9332
0.0003211,0.05926,0.8043
0.0001349,0.03256,0.8738
0.0001843,0.05635,0.8912
4.734e-05,0.03275,1.021
0.0002459,0.04094,0.8031
0.0001849,0.02538,0.8071
0.0001954,0.03188,0.8175
0.0002968,0.05498,0.8146
0.0002568,0.04514,0.8042
0.0001985,0.03986,0.8441
0.0001989,0.06346,0.8727
0.0001996,0.03184,0.8194
0.000215,0.04531,0.8244
0.000201,0.02561,0.8081
0.0001882,0.04938,0.8645
0.0001092,0.03245,0.9019
0.0001249,0.04039,0.904
